status,file,key,error
uploaded,"C:\Users\dhwan\Desktop\sparesco-catalog\imports\Domnick Hunter\images\000009_8ca10e388c78.jpg","domnick-hunter/000009_8ca10e388c78.jpg",""
uploaded,"C:\Users\dhwan\Desktop\sparesco-catalog\imports\Domnick Hunter\images\000006_e9645dcea46b.jpg","domnick-hunter/000006_e9645dcea46b.jpg",""
uploaded,"C:\Users\dhwan\Desktop\sparesco-catalog\imports\Domnick Hunter\images\000008_862301e199f0.jpg","domnick-hunter/000008_862301e199f0.jpg",""
uploaded,"C:\Users\dhwan\Desktop\sparesco-catalog\imports\Domnick Hunter\images\000003_6a2687cafdd1.jpg","domnick-hunter/000003_6a2687cafdd1.jpg",""
uploaded,"C:\Users\dhwan\Desktop\sparesco-catalog\imports\Domnick Hunter\images\000001_a99373eb3b51.jpg","domnick-hunter/000001_a99373eb3b51.jpg",""
uploaded,"C:\Users\dhwan\Desktop\sparesco-catalog\imports\Domnick Hunter\images\000002_dedafa9409f6.jpg","domnick-hunter/000002_dedafa9409f6.jpg",""
uploaded,"C:\Users\dhwan\Desktop\sparesco-catalog\imports\Domnick Hunter\images\000010_cc43ac7c90b7.jpg","domnick-hunter/000010_cc43ac7c90b7.jpg",""
uploaded,"C:\Users\dhwan\Desktop\sparesco-catalog\imports\Domnick Hunter\images\000004_7dac2b58cf0b.jpg","domnick-hunter/000004_7dac2b58cf0b.jpg",""
uploaded,"C:\Users\dhwan\Desktop\sparesco-catalog\imports\Domnick Hunter\images\000007_ee4dae5eba64.jpg","domnick-hunter/000007_ee4dae5eba64.jpg",""
uploaded,"C:\Users\dhwan\Desktop\sparesco-catalog\imports\Domnick Hunter\images\000005_6d7167c0a845.jpg","domnick-hunter/000005_6d7167c0a845.jpg",""
uploaded,"C:\Users\dhwan\Desktop\sparesco-catalog\imports\Domnick Hunter\images\000021_ab6c9b272753.jpg","domnick-hunter/000021_ab6c9b272753.jpg",""
uploaded,"C:\Users\dhwan\Desktop\sparesco-catalog\imports\Domnick Hunter\images\000025_8e3652eba865.jpg","domnick-hunter/000025_8e3652eba865.jpg",""
uploaded,"C:\Users\dhwan\Desktop\sparesco-catalog\imports\Domnick Hunter\images\000027_e5dbb92f6d28.jpg","domnick-hunter/000027_e5dbb92f6d28.jpg",""
uploaded,"C:\Users\dhwan\Desktop\sparesco-catalog\imports\Domnick Hunter\images\000026_0b18b7e2adfb.jpg","domnick-hunter/000026_0b18b7e2adfb.jpg",""
uploaded,"C:\Users\dhwan\Desktop\sparesco-catalog\imports\Domnick Hunter\images\000030_74867a1e5695.jpg","domnick-hunter/000030_74867a1e5695.jpg",""
uploaded,"C:\Users\dhwan\Desktop\sparesco-catalog\imports\Domnick Hunter\images\000028_996a19d57b1e.jpg","domnick-hunter/000028_996a19d57b1e.jpg",""
uploaded,"C:\Users\dhwan\Desktop\sparesco-catalog\imports\Domnick Hunter\images\000022_f60c7ef107ce.jpg","domnick-hunter/000022_f60c7ef107ce.jpg",""
uploaded,"C:\Users\dhwan\Desktop\sparesco-catalog\imports\Domnick Hunter\images\000024_5fdbea39f483.jpg","domnick-hunter/000024_5fdbea39f483.jpg",""
uploaded,"C:\Users\dhwan\Desktop\sparesco-catalog\imports\Domnick Hunter\images\000023_f1a7498ea9b2.jpg","domnick-hunter/000023_f1a7498ea9b2.jpg",""
uploaded,"C:\Users\dhwan\Desktop\sparesco-catalog\imports\Domnick Hunter\images\000029_f610a8870595.jpg","domnick-hunter/000029_f610a8870595.jpg",""
uploaded,"C:\Users\dhwan\Desktop\sparesco-catalog\imports\Domnick Hunter\images\000034_34ccf5efbdfd.jpg","domnick-hunter/000034_34ccf5efbdfd.jpg",""
uploaded,"C:\Users\dhwan\Desktop\sparesco-catalog\imports\Domnick Hunter\images\000031_7bbdd90e53fc.jpg","domnick-hunter/000031_7bbdd90e53fc.jpg",""
uploaded,"C:\Users\dhwan\Desktop\sparesco-catalog\imports\Domnick Hunter\images\000032_496397dca60f.jpg","domnick-hunter/000032_496397dca60f.jpg",""
uploaded,"C:\Users\dhwan\Desktop\sparesco-catalog\imports\Domnick Hunter\images\000036_37ead54ebb12.jpg","domnick-hunter/000036_37ead54ebb12.jpg",""
uploaded,"C:\Users\dhwan\Desktop\sparesco-catalog\imports\Domnick Hunter\images\000035_5ab4b3b512ba.jpg","domnick-hunter/000035_5ab4b3b512ba.jpg",""
uploaded,"C:\Users\dhwan\Desktop\sparesco-catalog\imports\Domnick Hunter\images\000033_187292074c16.jpg","domnick-hunter/000033_187292074c16.jpg",""
uploaded,"C:\Users\dhwan\Desktop\sparesco-catalog\imports\Domnick Hunter\images\000037_fbc8323ae507.jpg","domnick-hunter/000037_fbc8323ae507.jpg",""
uploaded,"C:\Users\dhwan\Desktop\sparesco-catalog\imports\Domnick Hunter\images\000038_709cc361f4d7.jpg","domnick-hunter/000038_709cc361f4d7.jpg",""
uploaded,"C:\Users\dhwan\Desktop\sparesco-catalog\imports\Domnick Hunter\images\000039_8f442785f5e2.jpg","domnick-hunter/000039_8f442785f5e2.jpg",""
uploaded,"C:\Users\dhwan\Desktop\sparesco-catalog\imports\Domnick Hunter\images\000046_95caaed243f5.jpg","domnick-hunter/000046_95caaed243f5.jpg",""
uploaded,"C:\Users\dhwan\Desktop\sparesco-catalog\imports\Domnick Hunter\images\000040_1d8ee36a78de.jpg","domnick-hunter/000040_1d8ee36a78de.jpg",""
uploaded,"C:\Users\dhwan\Desktop\sparesco-catalog\imports\Domnick Hunter\images\000041_d9fc7e38356a.jpg","domnick-hunter/000041_d9fc7e38356a.jpg",""
uploaded,"C:\Users\dhwan\Desktop\sparesco-catalog\imports\Domnick Hunter\images\000048_f480868b78fb.jpg","domnick-hunter/000048_f480868b78fb.jpg",""
uploaded,"C:\Users\dhwan\Desktop\sparesco-catalog\imports\Domnick Hunter\images\000042_74d3b896492f.jpg","domnick-hunter/000042_74d3b896492f.jpg",""
uploaded,"C:\Users\dhwan\Desktop\sparesco-catalog\imports\Domnick Hunter\images\000045_8a1c4abe6632.jpg","domnick-hunter/000045_8a1c4abe6632.jpg",""
uploaded,"C:\Users\dhwan\Desktop\sparesco-catalog\imports\Domnick Hunter\images\000047_a50132ad5420.jpg","domnick-hunter/000047_a50132ad5420.jpg",""
uploaded,"C:\Users\dhwan\Desktop\sparesco-catalog\imports\Domnick Hunter\images\000043_39d345f9a405.jpg","domnick-hunter/000043_39d345f9a405.jpg",""
uploaded,"C:\Users\dhwan\Desktop\sparesco-catalog\imports\Domnick Hunter\images\000044_aa6d3299e855.jpg","domnick-hunter/000044_aa6d3299e855.jpg",""
uploaded,"C:\Users\dhwan\Desktop\sparesco-catalog\imports\Domnick Hunter\images\000049_2421b1785a16.jpg","domnick-hunter/000049_2421b1785a16.jpg",""
uploaded,"C:\Users\dhwan\Desktop\sparesco-catalog\imports\Domnick Hunter\images\000050_e41b04d53f30.jpg","domnick-hunter/000050_e41b04d53f30.jpg",""
uploaded,"C:\Users\dhwan\Desktop\sparesco-catalog\imports\Domnick Hunter\images\000055_f2b11609256b.jpg","domnick-hunter/000055_f2b11609256b.jpg",""
uploaded,"C:\Users\dhwan\Desktop\sparesco-catalog\imports\Domnick Hunter\images\000051_40056c401209.jpg","domnick-hunter/000051_40056c401209.jpg",""
uploaded,"C:\Users\dhwan\Desktop\sparesco-catalog\imports\Domnick Hunter\images\000052_d9edae3d6531.jpg","domnick-hunter/000052_d9edae3d6531.jpg",""
uploaded,"C:\Users\dhwan\Desktop\sparesco-catalog\imports\Domnick Hunter\images\000057_ef980ca2e082.jpg","domnick-hunter/000057_ef980ca2e082.jpg",""
uploaded,"C:\Users\dhwan\Desktop\sparesco-catalog\imports\Domnick Hunter\images\000054_0471133f9b00.jpg","domnick-hunter/000054_0471133f9b00.jpg",""
uploaded,"C:\Users\dhwan\Desktop\sparesco-catalog\imports\Domnick Hunter\images\000058_b391e7756e3b.jpg","domnick-hunter/000058_b391e7756e3b.jpg",""
uploaded,"C:\Users\dhwan\Desktop\sparesco-catalog\imports\Domnick Hunter\images\000059_474b4bdc86c2.jpg","domnick-hunter/000059_474b4bdc86c2.jpg",""
uploaded,"C:\Users\dhwan\Desktop\sparesco-catalog\imports\Domnick Hunter\images\000053_6368fda50694.jpg","domnick-hunter/000053_6368fda50694.jpg",""
uploaded,"C:\Users\dhwan\Desktop\sparesco-catalog\imports\Domnick Hunter\images\000056_8ec41894d6d2.jpg","domnick-hunter/000056_8ec41894d6d2.jpg",""
uploaded,"C:\Users\dhwan\Desktop\sparesco-catalog\imports\Domnick Hunter\images\000061_56db961ec3ce.jpg","domnick-hunter/000061_56db961ec3ce.jpg",""
uploaded,"C:\Users\dhwan\Desktop\sparesco-catalog\imports\Domnick Hunter\images\000060_298a50fb2e6f.jpg","domnick-hunter/000060_298a50fb2e6f.jpg",""
uploaded,"C:\Users\dhwan\Desktop\sparesco-catalog\imports\Domnick Hunter\images\000065_00b05c1617c5.jpg","domnick-hunter/000065_00b05c1617c5.jpg",""
uploaded,"C:\Users\dhwan\Desktop\sparesco-catalog\imports\Domnick Hunter\images\000063_9f267efa2070.jpg","domnick-hunter/000063_9f267efa2070.jpg",""
uploaded,"C:\Users\dhwan\Desktop\sparesco-catalog\imports\Domnick Hunter\images\000062_2043be49dab8.jpg","domnick-hunter/000062_2043be49dab8.jpg",""
uploaded,"C:\Users\dhwan\Desktop\sparesco-catalog\imports\Domnick Hunter\images\000068_2275b0bcba6d.jpg","domnick-hunter/000068_2275b0bcba6d.jpg",""
uploaded,"C:\Users\dhwan\Desktop\sparesco-catalog\imports\Domnick Hunter\images\000067_73ba179d0bcf.jpg","domnick-hunter/000067_73ba179d0bcf.jpg",""
uploaded,"C:\Users\dhwan\Desktop\sparesco-catalog\imports\Domnick Hunter\images\000066_bf7703a29e75.jpg","domnick-hunter/000066_bf7703a29e75.jpg",""
uploaded,"C:\Users\dhwan\Desktop\sparesco-catalog\imports\Domnick Hunter\images\000064_97850ebaa68d.jpg","domnick-hunter/000064_97850ebaa68d.jpg",""
uploaded,"C:\Users\dhwan\Desktop\sparesco-catalog\imports\Domnick Hunter\images\000070_40f1baf6625c.jpg","domnick-hunter/000070_40f1baf6625c.jpg",""
uploaded,"C:\Users\dhwan\Desktop\sparesco-catalog\imports\Domnick Hunter\images\000069_6f7e710ac3bf.jpg","domnick-hunter/000069_6f7e710ac3bf.jpg",""
uploaded,"C:\Users\dhwan\Desktop\sparesco-catalog\imports\Domnick Hunter\images\000072_1c9bc8dd12bd.jpg","domnick-hunter/000072_1c9bc8dd12bd.jpg",""
uploaded,"C:\Users\dhwan\Desktop\sparesco-catalog\imports\Domnick Hunter\images\000074_6510bf6c6a9b.jpg","domnick-hunter/000074_6510bf6c6a9b.jpg",""
uploaded,"C:\Users\dhwan\Desktop\sparesco-catalog\imports\Domnick Hunter\images\000076_a95dd5ebf5ff.jpg","domnick-hunter/000076_a95dd5ebf5ff.jpg",""
uploaded,"C:\Users\dhwan\Desktop\sparesco-catalog\imports\Domnick Hunter\images\000073_5158b4cd4c79.jpg","domnick-hunter/000073_5158b4cd4c79.jpg",""
uploaded,"C:\Users\dhwan\Desktop\sparesco-catalog\imports\Domnick Hunter\images\000075_44ffa78531eb.jpg","domnick-hunter/000075_44ffa78531eb.jpg",""
uploaded,"C:\Users\dhwan\Desktop\sparesco-catalog\imports\Domnick Hunter\images\000077_62b9e4b3613d.jpg","domnick-hunter/000077_62b9e4b3613d.jpg",""
uploaded,"C:\Users\dhwan\Desktop\sparesco-catalog\imports\Domnick Hunter\images\000071_ae76e7eae221.jpg","domnick-hunter/000071_ae76e7eae221.jpg",""
uploaded,"C:\Users\dhwan\Desktop\sparesco-catalog\imports\Domnick Hunter\images\000078_86682da07a66.jpg","domnick-hunter/000078_86682da07a66.jpg",""
uploaded,"C:\Users\dhwan\Desktop\sparesco-catalog\imports\Domnick Hunter\images\000013_d3e42dbcb537.jpg","domnick-hunter/000013_d3e42dbcb537.jpg",""
uploaded,"C:\Users\dhwan\Desktop\sparesco-catalog\imports\Domnick Hunter\images\000018_ab778ca44083.jpg","domnick-hunter/000018_ab778ca44083.jpg",""
uploaded,"C:\Users\dhwan\Desktop\sparesco-catalog\imports\Domnick Hunter\images\000015_96b374074d4f.jpg","domnick-hunter/000015_96b374074d4f.jpg",""
uploaded,"C:\Users\dhwan\Desktop\sparesco-catalog\imports\Domnick Hunter\images\000016_322d527db955.jpg","domnick-hunter/000016_322d527db955.jpg",""
uploaded,"C:\Users\dhwan\Desktop\sparesco-catalog\imports\Domnick Hunter\images\000019_6d6361b138b8.jpg","domnick-hunter/000019_6d6361b138b8.jpg",""
uploaded,"C:\Users\dhwan\Desktop\sparesco-catalog\imports\Domnick Hunter\images\000081_e6e7830a66d4.jpg","domnick-hunter/000081_e6e7830a66d4.jpg",""
uploaded,"C:\Users\dhwan\Desktop\sparesco-catalog\imports\Domnick Hunter\images\000079_e0f74ab9f587.jpg","domnick-hunter/000079_e0f74ab9f587.jpg",""
uploaded,"C:\Users\dhwan\Desktop\sparesco-catalog\imports\Domnick Hunter\images\000082_c9a8fb5ff117.jpg","domnick-hunter/000082_c9a8fb5ff117.jpg",""
uploaded,"C:\Users\dhwan\Desktop\sparesco-catalog\imports\Domnick Hunter\images\000083_454810330123.jpg","domnick-hunter/000083_454810330123.jpg",""
uploaded,"C:\Users\dhwan\Desktop\sparesco-catalog\imports\Domnick Hunter\images\000080_f993fd34e2c7.jpg","domnick-hunter/000080_f993fd34e2c7.jpg",""
uploaded,"C:\Users\dhwan\Desktop\sparesco-catalog\imports\Domnick Hunter\images\000084_d88b661df99a.jpg","domnick-hunter/000084_d88b661df99a.jpg",""
uploaded,"C:\Users\dhwan\Desktop\sparesco-catalog\imports\Domnick Hunter\images\000085_b44dce566780.jpg","domnick-hunter/000085_b44dce566780.jpg",""
uploaded,"C:\Users\dhwan\Desktop\sparesco-catalog\imports\Domnick Hunter\images\000020_b00084f5facd.jpg","domnick-hunter/000020_b00084f5facd.jpg",""
uploaded,"C:\Users\dhwan\Desktop\sparesco-catalog\imports\Domnick Hunter\images\000012_4b7ff0b15fb1.jpg","domnick-hunter/000012_4b7ff0b15fb1.jpg",""
uploaded,"C:\Users\dhwan\Desktop\sparesco-catalog\imports\Domnick Hunter\images\000011_54f3aaf4bd6f.jpg","domnick-hunter/000011_54f3aaf4bd6f.jpg",""
uploaded,"C:\Users\dhwan\Desktop\sparesco-catalog\imports\Domnick Hunter\images\000086_5ffdab5d0da1.jpg","domnick-hunter/000086_5ffdab5d0da1.jpg",""
uploaded,"C:\Users\dhwan\Desktop\sparesco-catalog\imports\Domnick Hunter\images\000017_cb2ba372197d.jpg","domnick-hunter/000017_cb2ba372197d.jpg",""
uploaded,"C:\Users\dhwan\Desktop\sparesco-catalog\imports\Domnick Hunter\images\000089_8b0e466d46b1.jpg","domnick-hunter/000089_8b0e466d46b1.jpg",""
uploaded,"C:\Users\dhwan\Desktop\sparesco-catalog\imports\Domnick Hunter\images\000091_d0b04cde8c67.jpg","domnick-hunter/000091_d0b04cde8c67.jpg",""
uploaded,"C:\Users\dhwan\Desktop\sparesco-catalog\imports\Domnick Hunter\images\000088_d28b28b4189c.jpg","domnick-hunter/000088_d28b28b4189c.jpg",""
uploaded,"C:\Users\dhwan\Desktop\sparesco-catalog\imports\Domnick Hunter\images\000093_e23ad2e966b2.jpg","domnick-hunter/000093_e23ad2e966b2.jpg",""
uploaded,"C:\Users\dhwan\Desktop\sparesco-catalog\imports\Domnick Hunter\images\000094_eeca18fa694a.jpg","domnick-hunter/000094_eeca18fa694a.jpg",""
uploaded,"C:\Users\dhwan\Desktop\sparesco-catalog\imports\Domnick Hunter\images\000090_74875598eede.jpg","domnick-hunter/000090_74875598eede.jpg",""
uploaded,"C:\Users\dhwan\Desktop\sparesco-catalog\imports\Domnick Hunter\images\000092_545181aacfb0.jpg","domnick-hunter/000092_545181aacfb0.jpg",""
uploaded,"C:\Users\dhwan\Desktop\sparesco-catalog\imports\Domnick Hunter\images\000097_55c702bf5880.jpg","domnick-hunter/000097_55c702bf5880.jpg",""
uploaded,"C:\Users\dhwan\Desktop\sparesco-catalog\imports\Domnick Hunter\images\000096_c832746e361e.jpg","domnick-hunter/000096_c832746e361e.jpg",""
uploaded,"C:\Users\dhwan\Desktop\sparesco-catalog\imports\Domnick Hunter\images\000098_f68f6b46f3e2.jpg","domnick-hunter/000098_f68f6b46f3e2.jpg",""
uploaded,"C:\Users\dhwan\Desktop\sparesco-catalog\imports\Domnick Hunter\images\000099_48c0b5c3b8e1.jpg","domnick-hunter/000099_48c0b5c3b8e1.jpg",""
uploaded,"C:\Users\dhwan\Desktop\sparesco-catalog\imports\Domnick Hunter\images\000104_168910fdd3d5.jpg","domnick-hunter/000104_168910fdd3d5.jpg",""
uploaded,"C:\Users\dhwan\Desktop\sparesco-catalog\imports\Domnick Hunter\images\000095_6260d1211769.jpg","domnick-hunter/000095_6260d1211769.jpg",""
uploaded,"C:\Users\dhwan\Desktop\sparesco-catalog\imports\Domnick Hunter\images\000087_33f6b48d0f49.jpg","domnick-hunter/000087_33f6b48d0f49.jpg",""
uploaded,"C:\Users\dhwan\Desktop\sparesco-catalog\imports\Domnick Hunter\images\000100_6f5f41a17471.jpg","domnick-hunter/000100_6f5f41a17471.jpg",""
uploaded,"C:\Users\dhwan\Desktop\sparesco-catalog\imports\Domnick Hunter\images\000101_7ad6f7c5b01b.jpg","domnick-hunter/000101_7ad6f7c5b01b.jpg",""
uploaded,"C:\Users\dhwan\Desktop\sparesco-catalog\imports\Domnick Hunter\images\000107_c1bcd128473e.jpg","domnick-hunter/000107_c1bcd128473e.jpg",""
uploaded,"C:\Users\dhwan\Desktop\sparesco-catalog\imports\Domnick Hunter\images\000103_236e4eed5458.jpg","domnick-hunter/000103_236e4eed5458.jpg",""
uploaded,"C:\Users\dhwan\Desktop\sparesco-catalog\imports\Domnick Hunter\images\000110_3c0fb9d1cca6.jpg","domnick-hunter/000110_3c0fb9d1cca6.jpg",""
uploaded,"C:\Users\dhwan\Desktop\sparesco-catalog\imports\Domnick Hunter\images\000106_3e9e6185f4cc.jpg","domnick-hunter/000106_3e9e6185f4cc.jpg",""
uploaded,"C:\Users\dhwan\Desktop\sparesco-catalog\imports\Domnick Hunter\images\000105_be446ca3e829.jpg","domnick-hunter/000105_be446ca3e829.jpg",""
uploaded,"C:\Users\dhwan\Desktop\sparesco-catalog\imports\Domnick Hunter\images\000108_8836158deda2.jpg","domnick-hunter/000108_8836158deda2.jpg",""
uploaded,"C:\Users\dhwan\Desktop\sparesco-catalog\imports\Domnick Hunter\images\000102_b573f5b83896.jpg","domnick-hunter/000102_b573f5b83896.jpg",""
uploaded,"C:\Users\dhwan\Desktop\sparesco-catalog\imports\Domnick Hunter\images\000109_f205c916f80b.jpg","domnick-hunter/000109_f205c916f80b.jpg",""
uploaded,"C:\Users\dhwan\Desktop\sparesco-catalog\imports\Domnick Hunter\images\000115_fb57fdd47002.jpg","domnick-hunter/000115_fb57fdd47002.jpg",""
uploaded,"C:\Users\dhwan\Desktop\sparesco-catalog\imports\Domnick Hunter\images\000111_3158ee44ceac.jpg","domnick-hunter/000111_3158ee44ceac.jpg",""
uploaded,"C:\Users\dhwan\Desktop\sparesco-catalog\imports\Domnick Hunter\images\000116_740efb029ad3.jpg","domnick-hunter/000116_740efb029ad3.jpg",""
uploaded,"C:\Users\dhwan\Desktop\sparesco-catalog\imports\Domnick Hunter\images\000114_adcc0096b49f.jpg","domnick-hunter/000114_adcc0096b49f.jpg",""
uploaded,"C:\Users\dhwan\Desktop\sparesco-catalog\imports\Domnick Hunter\images\000112_6d62158d84cb.jpg","domnick-hunter/000112_6d62158d84cb.jpg",""
uploaded,"C:\Users\dhwan\Desktop\sparesco-catalog\imports\Domnick Hunter\images\000117_435d396dcf47.jpg","domnick-hunter/000117_435d396dcf47.jpg",""
uploaded,"C:\Users\dhwan\Desktop\sparesco-catalog\imports\Domnick Hunter\images\000113_f2b7327e553f.jpg","domnick-hunter/000113_f2b7327e553f.jpg",""
uploaded,"C:\Users\dhwan\Desktop\sparesco-catalog\imports\Domnick Hunter\images\000118_43435bf41eb2.jpg","domnick-hunter/000118_43435bf41eb2.jpg",""
uploaded,"C:\Users\dhwan\Desktop\sparesco-catalog\imports\Domnick Hunter\images\000014_07f230e76e61.jpg","domnick-hunter/000014_07f230e76e61.jpg",""
uploaded,"C:\Users\dhwan\Desktop\sparesco-catalog\imports\Domnick Hunter\images\000119_2378bad3adb9.jpg","domnick-hunter/000119_2378bad3adb9.jpg",""
uploaded,"C:\Users\dhwan\Desktop\sparesco-catalog\imports\Domnick Hunter\images\000125_28b4a25e637b.jpg","domnick-hunter/000125_28b4a25e637b.jpg",""
uploaded,"C:\Users\dhwan\Desktop\sparesco-catalog\imports\Domnick Hunter\images\000122_ec870f32a56a.jpg","domnick-hunter/000122_ec870f32a56a.jpg",""
uploaded,"C:\Users\dhwan\Desktop\sparesco-catalog\imports\Domnick Hunter\images\000128_a5bd986faa83.jpg","domnick-hunter/000128_a5bd986faa83.jpg",""
uploaded,"C:\Users\dhwan\Desktop\sparesco-catalog\imports\Domnick Hunter\images\000129_cd70a4e3e759.jpg","domnick-hunter/000129_cd70a4e3e759.jpg",""
uploaded,"C:\Users\dhwan\Desktop\sparesco-catalog\imports\Domnick Hunter\images\000130_2b708baba87c.jpg","domnick-hunter/000130_2b708baba87c.jpg",""
uploaded,"C:\Users\dhwan\Desktop\sparesco-catalog\imports\Domnick Hunter\images\000126_e09c4efdfc94.jpg","domnick-hunter/000126_e09c4efdfc94.jpg",""
uploaded,"C:\Users\dhwan\Desktop\sparesco-catalog\imports\Domnick Hunter\images\000132_20fcfd8d41a1.jpg","domnick-hunter/000132_20fcfd8d41a1.jpg",""
uploaded,"C:\Users\dhwan\Desktop\sparesco-catalog\imports\Domnick Hunter\images\000121_08188f2d5c2a.jpg","domnick-hunter/000121_08188f2d5c2a.jpg",""
uploaded,"C:\Users\dhwan\Desktop\sparesco-catalog\imports\Domnick Hunter\images\000123_ef9bfea84c80.jpg","domnick-hunter/000123_ef9bfea84c80.jpg",""
uploaded,"C:\Users\dhwan\Desktop\sparesco-catalog\imports\Domnick Hunter\images\000127_786295d7f1e5.jpg","domnick-hunter/000127_786295d7f1e5.jpg",""
uploaded,"C:\Users\dhwan\Desktop\sparesco-catalog\imports\Domnick Hunter\images\000120_8ad73ef07a11.jpg","domnick-hunter/000120_8ad73ef07a11.jpg",""
uploaded,"C:\Users\dhwan\Desktop\sparesco-catalog\imports\Domnick Hunter\images\000124_db3151407b5e.jpg","domnick-hunter/000124_db3151407b5e.jpg",""
uploaded,"C:\Users\dhwan\Desktop\sparesco-catalog\imports\Domnick Hunter\images\000131_961eadeada5d.jpg","domnick-hunter/000131_961eadeada5d.jpg",""
uploaded,"C:\Users\dhwan\Desktop\sparesco-catalog\imports\Domnick Hunter\images\000133_82f09b8ca484.jpg","domnick-hunter/000133_82f09b8ca484.jpg",""
