"Image URL","Reason"
"https://cdn.shopify.com/s/files/1/0592/2648/8986/files/Argo-Hytos_Placeholder_2834232f-7e15-4e13-8e49-214b1f230ee5.jpg?v=1740482632","Download failed 404"
"https://cdn.shopify.com/s/files/1/0592/2648/8986/products/FF206272B_e11c24a9-1312-403b-aabc-c4b6cae663d6.jpg?v=1741359771","Download failed 404"
"https://cdn.shopify.com/s/files/1/0592/2648/8986/files/md-d988f154-e1c0-45d5-ac16-c6618fa2cb9b_7fb53d35-34a1-4fb1-87aa-80e5a6e36734.jpg?v=1740482632","Download failed 404"
"https://cdn.shopify.com/s/files/1/0592/2648/8986/files/FF200455B_5613f770-f96e-49ce-8171-fc0604a9f727.jpg?v=1740482632","Download failed 404"
"https://cdn.shopify.com/s/files/1/0592/2648/8986/files/MicroFit-Placeholder-600x600_c4dba38f-2d61-4c2c-987f-b2ab4b38a7ed.png?v=1760637093","Download failed 404"
"https://cdn.shopify.com/s/files/1/0592/2648/8986/files/Argo-Hytos_Placeholder_9de745e9-49ec-4a9b-b114-6bfd72c29bdb.jpg?v=1741359771","Download failed 404"
"https://cdn.shopify.com/s/files/1/0592/2648/8986/files/md-22fa967e-34fb-4a6c-bd3d-179c9305568a_331c3230-4d82-4c96-a3f6-3ccc0a507309.jpg?v=1755099724","Download failed 404"
"https://cdn.shopify.com/s/files/1/0592/2648/8986/files/HF35267_a6cad818-7360-41c5-91a3-a36cbb9b0c4d.jpg?v=1755778455","Download failed 404"
"https://cdn.shopify.com/s/files/1/0592/2648/8986/files/FF212672B_939ea240-8e97-40fa-95e9-49e2c02dbdbb.jpg?v=1755099724","Download failed 404"
"https://cdn.shopify.com/s/files/1/0592/2648/8986/files/Argo-Hytos_Placeholder_5aafbe02-adfe-4588-80c2-5a1588e3a06a.jpg?v=1755099724","Download failed 404"
"https://cdn.shopify.com/s/files/1/0592/2648/8986/products/FF200522B_221235fb-3faa-4ae4-854f-f4515d5fff00.jpg?v=1740484237","Download failed 404"
"https://cdn.shopify.com/s/files/1/0592/2648/8986/files/md-d45b415b-5acb-4f8d-94aa-607cc57baff7_cc89eeeb-209b-489f-a554-2c089bae4b70.jpg?v=1740484237","Download failed 404"
"https://cdn.shopify.com/s/files/1/0592/2648/8986/files/Argo-Hytos_Placeholder_c6b0ecb5-8255-44cd-86a3-f91271ae3d61.jpg?v=1740484237","Download failed 404"
"https://cdn.shopify.com/s/files/1/0592/2648/8986/files/MicroFit-Placeholder-600x600_23b1c49a-f76e-4279-bad3-9301135aa596.png?v=1760629814","Download failed 404"
"https://cdn.shopify.com/s/files/1/0592/2648/8986/files/md-4e0d4a2d-37ee-4e49-908a-9bfd8a474eb1_3298b075-87d1-43a1-9486-acb9d2ed8816.jpg?v=1748457010","Download failed 404"
"https://cdn.shopify.com/s/files/1/0592/2648/8986/files/H_7020_image1_d9b01f9d-88a6-421b-a425-357f0af8d0b3.jpg?v=1754908697","Download failed 404"
"https://cdn.shopify.com/s/files/1/0592/2648/8986/products/FF200537B_4782fea9-f890-41b6-b6c9-092bae81c1c3.jpg?v=1748457010","Download failed 404"
"https://cdn.shopify.com/s/files/1/0592/2648/8986/files/MicroFit-Placeholder-600x600_0130eb3d-857d-45c2-b4bd-eb3fce1fad78.png?v=1760632858","Download failed 404"
"https://cdn.shopify.com/s/files/1/0592/2648/8986/files/Argo-Hytos_Placeholder_4dddac1e-c949-45b9-864c-a94ca0be83d5.jpg?v=1748457010","Download failed 404"
"https://cdn.shopify.com/s/files/1/0592/2648/8986/files/D150B_bb95c969-b524-465f-89b7-adcfde317aad.jpg?v=1755097403","Download failed 404"
"https://cdn.shopify.com/s/files/1/0592/2648/8986/files/md-e36fdd24-8ac0-411c-bc18-b1c62fb51656_9c656bd6-88f7-4c31-a7d5-09d10fea151b.jpg?v=1755097403","Download failed 404"
"https://cdn.shopify.com/s/files/1/0592/2648/8986/files/Argo-Hytos_Placeholder_ea9ed19f-7c91-41e7-9b31-39b9f7986100.jpg?v=1755097403","Download failed 404"
"https://cdn.shopify.com/s/files/1/0592/2648/8986/files/Argo-Hytos_Placeholder_c234e623-d178-4a86-86e7-60212ee7836b.jpg?v=1740482643","Download failed 404"
"https://cdn.shopify.com/s/files/1/0592/2648/8986/files/md-300d273f-f824-48e8-b46d-5c47018eb1f0_eb1072be-d641-4b4f-86a4-d2d6751d958e.jpg?v=1740482643","Download failed 404"
"https://cdn.shopify.com/s/files/1/0592/2648/8986/files/FF200466B_214a75cb-20d2-47cc-baf8-4cc0223844ed.jpg?v=1740482643","Download failed 404"
"https://cdn.shopify.com/s/files/1/0592/2648/8986/files/Argo-Hytos_Placeholder_b2414fe5-4afa-4665-b200-ca7f32024cfd.jpg?v=1762276729","Download failed 404"
"https://cdn.shopify.com/s/files/1/0592/2648/8986/files/WG966_fa466159-b6c6-434c-8c42-9b29ba6d5e07.jpg?v=1762276729","Download failed 404"
"https://cdn.shopify.com/s/files/1/0592/2648/8986/files/MicroFit-Placeholder-600x600_9dca29d2-09d5-4fbe-a887-0c54344bb170.png?v=1762276729","Download failed 404"
"https://cdn.shopify.com/s/files/1/0592/2648/8986/files/md-b314b833-d57b-4244-a592-a18df7f57c08_e60b4e17-07b3-4c97-8983-bcabbe984efa.jpg?v=1762276729","Download failed 404"
"https://cdn.shopify.com/s/files/1/0592/2648/8986/files/FF200199B-NB_f7f4f60c-0c75-450c-8353-89556643bc43.jpg?v=1755095523","Download failed 404"
"https://cdn.shopify.com/s/files/1/0592/2648/8986/files/D151A_9d6e3c11-71b9-422a-909a-6174fbcdf272.jpg?v=1755095523","Download failed 404"
"https://cdn.shopify.com/s/files/1/0592/2648/8986/files/Argo-Hytos_Placeholder_79b27e8a-3d6c-4b8e-96f2-d15e83a70af0.jpg?v=1755095523","Download failed 404"
"https://cdn.shopify.com/s/files/1/0592/2648/8986/files/md-66934543-295a-486c-a33b-05603bb190cd_bcfd431c-69f2-4ec9-93ab-9633c860693f.jpg?v=1755095523","Download failed 404"
"https://cdn.shopify.com/s/files/1/0592/2648/8986/files/MicroFit-Placeholder-600x600_ccd5f9b5-35c5-45ac-aea5-e3da2130dced.png?v=1760632851","Download failed 404"
"https://cdn.shopify.com/s/files/1/0592/2648/8986/files/FF200530B_1093cf32-bf5f-4297-af7b-81fe2861b51c.jpg?v=1741359724","Download failed 404"
"https://cdn.shopify.com/s/files/1/0592/2648/8986/files/Argo-Hytos_Placeholder_77bcceb2-5433-4459-a176-80ac5104b2bb.jpg?v=1741359724","Download failed 404"
"https://cdn.shopify.com/s/files/1/0592/2648/8986/files/FF200484B_f0d12399-9fdb-42aa-8c14-213d1d00917f.jpg?v=1755095522","Download failed 404"
"https://cdn.shopify.com/s/files/1/0592/2648/8986/files/HF35273_f7599c22-f9f1-4bde-91ce-dbf12126a65e.jpg?v=1755779949","Download failed 404"
"https://cdn.shopify.com/s/files/1/0592/2648/8986/files/md-d2bedc17-876f-474a-ac9f-d519309955b2_729d86fb-6e76-42f9-96ce-cf257b184f61.jpg?v=1755095522","Download failed 404"
"https://cdn.shopify.com/s/files/1/0592/2648/8986/files/MicroFit-Placeholder-600x600_bb2caee3-b264-4940-a635-186715e8d7c0.png?v=1760632855","Download failed 404"
"https://cdn.shopify.com/s/files/1/0592/2648/8986/files/Argo-Hytos_Placeholder_a05b17e1-628f-4914-94ab-68dc9fd7c54b.jpg?v=1755095522","Download failed 404"
"https://cdn.shopify.com/s/files/1/0592/2648/8986/products/FF203520B_2792b4a9-ea4b-4ab4-bd53-2e8426d69250.jpg?v=1762275856","Download failed 404"
"https://cdn.shopify.com/s/files/1/0592/2648/8986/files/0025_s_125_w_n165585_i2372437_54eabc50-8f5a-4f88-a2c5-0767c9f6390e.jpg?v=1762275856","Download failed 404"
"https://cdn.shopify.com/s/files/1/0592/2648/8986/files/Argo-Hytos_Placeholder_2c74e0fd-88a7-45d4-81a6-9fd71db5072e.jpg?v=1762275856","Download failed 404"
"https://cdn.shopify.com/s/files/1/0592/2648/8986/files/md-ead133b0-35b1-4d4e-99bd-0ca39f12dc1e_42cf2fc6-8749-49b5-8e24-0f9e38f315d7.jpg?v=1762275856","Download failed 404"
"https://cdn.shopify.com/s/files/1/0592/2648/8986/files/md-d3375d93-c865-45ac-94f4-2fcb718b2c35_75f959ad-e69b-41bb-874f-5daf40cc9b15.jpg?v=1742550426","Download failed 404"
"https://cdn.shopify.com/s/files/1/0592/2648/8986/files/D810GA_a63c3f9c-8665-44cf-989d-5376cd9ade88.jpg?v=1742550426","Download failed 404"
"https://cdn.shopify.com/s/files/1/0592/2648/8986/files/FF200525B-NB_914ecadc-b8a9-49d5-9c4c-c199e9af8ab6.jpg?v=1742550426","Download failed 404"
"https://cdn.shopify.com/s/files/1/0592/2648/8986/files/Argo-Hytos_Placeholder_31325324-e197-419f-b4fd-47fefe397cf0.jpg?v=1742550426","Download failed 404"
"https://cdn.shopify.com/s/files/1/0592/2648/8986/files/md-845ca732-8375-4a6b-b051-48a32114da21_f98551fe-5766-44b5-94f8-fe2549dc6b0a.jpg?v=1740483360","Download failed 404"
"https://cdn.shopify.com/s/files/1/0592/2648/8986/files/MicroFit-Placeholder-600x600_706deed8-ae18-4989-a779-3f22b3c3f847.png?v=1760629804","Download failed 404"
"https://cdn.shopify.com/s/files/1/0592/2648/8986/files/FF200477B_430bd2e4-8dbe-4126-82f1-f6f450707756.jpg?v=1740483360","Download failed 404"
"https://cdn.shopify.com/s/files/1/0592/2648/8986/files/Argo-Hytos_Placeholder_556cd2a8-a96e-4e11-ab71-d691473faec5.jpg?v=1740483360","Download failed 404"
"https://cdn.shopify.com/s/files/1/0592/2648/8986/files/Argo-Hytos_Placeholder_37f4f952-14d3-4e98-90a8-9c4ed3afe75d.jpg?v=1755092212","Download failed 404"
"https://cdn.shopify.com/s/files/1/0592/2648/8986/files/FF203618B_89eb03ab-b590-457a-99e1-6aca79ea087f.jpg?v=1755092212","Download failed 404"
"https://cdn.shopify.com/s/files/1/0592/2648/8986/files/H_6143_image1_8a5c2684-b8b5-4880-9bf4-71972fc71c82.jpg?v=1755092212","Download failed 404"
"https://cdn.shopify.com/s/files/1/0592/2648/8986/files/HF28796_7dc5ec0a-a717-49f5-85f6-c7f183383375.jpg?v=1755779100","Download failed 404"
"https://cdn.shopify.com/s/files/1/0592/2648/8986/files/Argo-Hytos_Placeholder_4274d7dd-e49b-44fa-a445-4ae4e1fee10c.jpg?v=1762276124","Download failed 404"
"https://cdn.shopify.com/s/files/1/0592/2648/8986/files/md-266316ca-fd47-4252-aa94-f817148de9d5_4d6f90a5-40d2-40c0-9e86-dba77b42ca50.jpg?v=1762276124","Download failed 404"
"https://cdn.shopify.com/s/files/1/0592/2648/8986/files/FF200250B_65bbe8eb-d6e3-4db4-a4c7-3fcd0f929e18.jpg?v=1762276124","Download failed 404"
"https://cdn.shopify.com/s/files/1/0592/2648/8986/files/Argo-Hytos_Placeholder_dea4398e-38be-4ea8-99d5-675d491698c6.jpg?v=1740482624","Download failed 404"
"https://cdn.shopify.com/s/files/1/0592/2648/8986/products/FF200446B_021463d6-756e-47a4-91bb-c81c9f1984c5.jpg?v=1740482624","Download failed 404"
"https://cdn.shopify.com/s/files/1/0592/2648/8986/files/md-9877a229-609a-4f26-a5c1-fe8828a4ca7d_02a28c05-9dcb-4e18-8d61-9edbaf2b5ee7.jpg?v=1740482624","Download failed 404"
"https://cdn.shopify.com/s/files/1/0592/2648/8986/files/HF28858_0f6c22c6-c8d3-4b4b-a4a6-8afa09f9f2b4.jpg?v=1755779104","Download failed 404"
"https://cdn.shopify.com/s/files/1/0592/2648/8986/files/md-6f5fcbac-512b-4bc8-9703-9d0ed8cd5aba_158ecabf-01d8-4305-87d6-622d7e5da4c5.jpg?v=1740484232","Download failed 404"
"https://cdn.shopify.com/s/files/1/0592/2648/8986/files/Argo-Hytos_Placeholder_7962cde3-1fba-4c8f-9354-0eafa73c3266.jpg?v=1740484232","Download failed 404"
"https://cdn.shopify.com/s/files/1/0592/2648/8986/files/FF200520B_d85752bb-5e55-4072-990d-96be7d49591e.jpg?v=1740484232","Download failed 404"
"https://cdn.shopify.com/s/files/1/0592/2648/8986/files/D810GA_b4041e2a-a79c-41fc-9b7c-fb05add634c6.jpg?v=1764690687","Download failed 404"
"https://cdn.shopify.com/s/files/1/0592/2648/8986/files/FF200518B_89c00d19-0ea6-43eb-af04-c40d1a215665.jpg?v=1764690687","Download failed 404"
"https://cdn.shopify.com/s/files/1/0592/2648/8986/files/MicroFit-Placeholder-600x600_5870a9a9-38d8-44c2-9f9c-71fd58a0a2ac.png?v=1760629090","Download failed 404"
"https://cdn.shopify.com/s/files/1/0592/2648/8986/files/Argo-Hytos_Placeholder_cf206120-827d-4c00-a6d8-037062b1cb6e.jpg?v=1764690687","Download failed 404"
"https://cdn.shopify.com/s/files/1/0592/2648/8986/files/md-d988f154-e1c0-45d5-ac16-c6618fa2cb9b_665c6e5f-bb68-46f5-b10b-e277cd438fb5.jpg?v=1740482636","Download failed 404"
"https://cdn.shopify.com/s/files/1/0592/2648/8986/files/FF200455B_eb16004c-c0a2-4553-ad7c-67d5caf029d3.jpg?v=1740482636","Download failed 404"
"https://cdn.shopify.com/s/files/1/0592/2648/8986/files/Argo-Hytos_Placeholder_eb492899-e885-4fe3-bbee-c1801c8acfa5.jpg?v=1740482636","Download failed 404"
"https://cdn.shopify.com/s/files/1/0592/2648/8986/files/HF35267_15a042d0-7a15-4d0e-b053-10894016a18d.jpg?v=1755778458","Download failed 404"
"https://cdn.shopify.com/s/files/1/0592/2648/8986/products/FF200450B_28aa3a00-6ddd-4547-aeb9-0a8bfb995a86.jpg?v=1755090918","Download failed 404"
"https://cdn.shopify.com/s/files/1/0592/2648/8986/files/Argo-Hytos_Placeholder_2e039d78-ca1b-4c6f-af22-c910d02bc17d.jpg?v=1755090918","Download failed 404"
"https://cdn.shopify.com/s/files/1/0592/2648/8986/files/md-d1e16bfe-f41e-4f99-a7a4-e6cca43128d3_48d9f849-7365-46eb-9bc7-7c1187725967.jpg?v=1755090918","Download failed 404"
"https://cdn.shopify.com/s/files/1/0592/2648/8986/files/HF35268_bc83e7df-4d4d-4bd7-83ea-48b6df397c96.jpg?v=1755778455","Download failed 404"