source_file,row_number,url,filename,status,error
compressed_air_filters_1.xlsx,7,https://cdn.shopify.com/s/files/1/0592/2648/8986/files/FF300316C_f9838de0-cbfc-4048-8727-3b62dee8365a.jpg?v=1760959504,000006_a4c70059e4b3.jpg,downloaded,
compressed_air_filters_1.xlsx,2,https://cdn.shopify.com/s/files/1/0592/2648/8986/files/FF300404C_d07d8d17-8307-4491-ae53-82336df06ba7.jpg?v=1760959546,000001_7524d6e0abbd.jpg,downloaded,
compressed_air_filters_1.xlsx,8,https://cdn.shopify.com/s/files/1/0592/2648/8986/files/FF300316C_20865dfa-5df5-41cd-96c4-c44da6d6b9d9.jpg?v=1760959502,000007_37ea97c2a33f.jpg,downloaded,
compressed_air_filters_1.xlsx,13,https://cdn.shopify.com/s/files/1/0592/2648/8986/products/FF300427C-R_084c1d7f-8c06-48cc-86f4-a06fefb8a5ad.webp?v=1673370378,000012_0c4abfc28747.webp,downloaded,
compressed_air_filters_1.xlsx,12,https://cdn.shopify.com/s/files/1/0592/2648/8986/products/FF300427C-R_a0b5b7b0-fc78-44ca-8da9-5c8fb7d60ede.webp?v=1673370382,000011_f018777b82f3.webp,downloaded,
compressed_air_filters_1.xlsx,9,https://cdn.shopify.com/s/files/1/0592/2648/8986/products/FF300427C-R_33f71040-1af1-40e6-b066-0d607ca2d23d.webp?v=1673370391,000008_220e15600d54.webp,downloaded,
compressed_air_filters_1.xlsx,23,https://cdn.shopify.com/s/files/1/0592/2648/8986/products/FF300427C-R_68b36e68-f920-40e4-a00a-6dc14716ef2c.webp?v=1673370341,000022_986a3a7405dd.webp,downloaded,
compressed_air_filters_1.xlsx,21,https://cdn.shopify.com/s/files/1/0592/2648/8986/products/FF300427C-R_a88384ba-a850-4b3b-9cf6-c66945664884.webp?v=1673370350,000020_52fc52dd0d8a.webp,downloaded,
compressed_air_filters_1.xlsx,25,https://cdn.shopify.com/s/files/1/0592/2648/8986/products/FF300418C-R_6a8727c6-77a3-45ff-a837-8fdf8630f200.webp?v=1673370330,000024_07a882b63887.webp,downloaded,
compressed_air_filters_1.xlsx,20,https://cdn.shopify.com/s/files/1/0592/2648/8986/products/FF300427C-R_9e3bc854-947e-449b-8251-7ffb145c9309.webp?v=1673370355,000019_c2f711b1760b.webp,downloaded,
compressed_air_filters_1.xlsx,14,https://cdn.shopify.com/s/files/1/0592/2648/8986/products/FF300427C-R_a08d3d77-f1ed-42e6-9535-8e8a9229fef1.webp?v=1673370377,000013_525dbbc55a6b.webp,downloaded,
compressed_air_filters_1.xlsx,22,https://cdn.shopify.com/s/files/1/0592/2648/8986/products/FF300427C-R_b03b67cb-a425-4808-ab90-ef5d4ac144ca.webp?v=1673370345,000021_63c51258c39e.webp,downloaded,
compressed_air_filters_1.xlsx,31,https://cdn.shopify.com/s/files/1/0592/2648/8986/products/FF300418C-R_1bf3600c-bda0-4f58-be64-934f49edcb11.webp?v=1673370302,000030_8c84d4711f0b.webp,downloaded,
compressed_air_filters_1.xlsx,24,https://cdn.shopify.com/s/files/1/0592/2648/8986/products/FF300427C-R_e4f3c505-fd3d-4ea4-ae57-0cb1d0c66e72.webp?v=1673370335,000023_92d36905bd5f.webp,downloaded,
compressed_air_filters_1.xlsx,10,https://cdn.shopify.com/s/files/1/0592/2648/8986/products/FF300427C-R_f9304acc-b943-4164-ad3b-81ffd6f45f0c.webp?v=1673370389,000009_516fda217c72.webp,downloaded,
compressed_air_filters_1.xlsx,11,https://cdn.shopify.com/s/files/1/0592/2648/8986/products/FF300427C-R_49e922d6-9e50-4b79-857f-196baf289932.webp?v=1673370386,000010_e43cef2fb404.webp,downloaded,
compressed_air_filters_1.xlsx,15,https://cdn.shopify.com/s/files/1/0592/2648/8986/products/FF300427C-R_8b628519-c4af-481f-96e9-4756bf19dc58.webp?v=1673370372,000014_88776c99e105.webp,downloaded,
compressed_air_filters_1.xlsx,30,https://cdn.shopify.com/s/files/1/0592/2648/8986/products/FF300418C-R_6898fe05-6526-42e4-bad5-5d2a7a15e747.webp?v=1673370307,000029_e35369f94092.webp,downloaded,
compressed_air_filters_1.xlsx,26,https://cdn.shopify.com/s/files/1/0592/2648/8986/products/FF300418C-R_a3e68195-bf75-40d8-94ae-9c380c20e213.webp?v=1673370326,000025_ccf9aea62cd4.webp,downloaded,
compressed_air_filters_1.xlsx,19,https://cdn.shopify.com/s/files/1/0592/2648/8986/products/FF300427C-R_d7865baf-811f-468a-b13e-000eb5afaba0.webp?v=1673370359,000018_46933e8f006e.webp,downloaded,
compressed_air_filters_1.xlsx,16,https://cdn.shopify.com/s/files/1/0592/2648/8986/products/FF300427C-R_d052d238-3922-44b8-af1f-4044ade72f45.webp?v=1673370368,000015_43c1b2b54f2c.webp,downloaded,
compressed_air_filters_1.xlsx,4,https://cdn.shopify.com/s/files/1/0592/2648/8986/files/FF300393C_e5011223-6c02-4664-94da-5d2a6b0a2d8e.jpg?v=1760959543,000003_fbf74d6d0ead.jpg,downloaded,
compressed_air_filters_1.xlsx,3,https://cdn.shopify.com/s/files/1/0592/2648/8986/files/FF300402C_c4f5417c-368a-4799-8be6-3435e4941c04.jpg?v=1760959543,000002_21558fb0d14a.jpg,downloaded,
compressed_air_filters_1.xlsx,28,https://cdn.shopify.com/s/files/1/0592/2648/8986/products/FF300418C-R_cb385672-348b-4777-9fb9-979c2d24b76b.webp?v=1673370317,000027_6dc9c45f56cf.webp,downloaded,
compressed_air_filters_1.xlsx,18,https://cdn.shopify.com/s/files/1/0592/2648/8986/products/FF300427C-R_a3321dfa-7f7a-4b6d-9ea9-9e38b3ee40a1.webp?v=1673370363,000017_a9ec16aaf1b5.webp,downloaded,
compressed_air_filters_1.xlsx,17,https://cdn.shopify.com/s/files/1/0592/2648/8986/products/FF300427C-R_6fe5543c-5072-4202-8d48-21822a575837.webp?v=1673370365,000016_cbea6467300b.webp,downloaded,
compressed_air_filters_1.xlsx,5,https://cdn.shopify.com/s/files/1/0592/2648/8986/products/FF300385C-R_02711a0d-7b66-4738-b25b-e0a2b3136243.webp?v=1673370144,000004_41823e4af8ae.webp,downloaded,
compressed_air_filters_1.xlsx,27,https://cdn.shopify.com/s/files/1/0592/2648/8986/products/FF300418C-R_ca3944bf-b58b-4445-ad77-327c78f1cf7f.webp?v=1673370321,000026_2d9b94493b2a.webp,downloaded,
compressed_air_filters_1.xlsx,6,https://cdn.shopify.com/s/files/1/0592/2648/8986/products/FF300385C-R_15384020-b5c9-4190-ba11-8f8f8f1776e2.webp?v=1673370139,000005_dbf4b14af8c4.webp,downloaded,
compressed_air_filters_1.xlsx,32,https://cdn.shopify.com/s/files/1/0592/2648/8986/products/FF300418C-R_664d3375-15e6-441b-9fad-82d0dc722342.webp?v=1673370297,000031_366246f3b875.webp,downloaded,
compressed_air_filters_1.xlsx,29,https://cdn.shopify.com/s/files/1/0592/2648/8986/products/FF300418C-R_c13f9508-d264-4b8a-bcaa-cc868383145a.webp?v=1673370311,000028_5b94fe92fdd4.webp,downloaded,
compressed_air_filters_1.xlsx,33,https://cdn.shopify.com/s/files/1/0592/2648/8986/products/FF300418C-R_3c458a5c-edd8-4921-a13e-99f14696b1bb.webp?v=1673370292,000032_31992b9dcf54.webp,downloaded,
compressed_air_filters_1.xlsx,34,https://cdn.shopify.com/s/files/1/0592/2648/8986/products/FF300410C-R_eed65f8b-466b-43ed-bd02-1bf2ba241735.webp?v=1673370288,000033_91875e0a7bde.webp,downloaded,
compressed_air_filters_1.xlsx,36,https://cdn.shopify.com/s/files/1/0592/2648/8986/products/FF300410C-R_68996b0e-fc00-4dd1-a23f-d903b1271912.webp?v=1673370279,000035_6ba2a6bd2399.webp,downloaded,
compressed_air_filters_1.xlsx,37,https://cdn.shopify.com/s/files/1/0592/2648/8986/products/FF300410C-R_0faf1247-089e-4237-b2e3-93b0d4e7153b.webp?v=1673370274,000036_74f88dae14a6.webp,downloaded,
compressed_air_filters_1.xlsx,39,https://cdn.shopify.com/s/files/1/0592/2648/8986/products/FF300410C-R_b2bd6b07-275a-4c40-8869-8a76b76bf1fe.webp?v=1673370264,000038_506f0df161ea.webp,downloaded,
compressed_air_filters_1.xlsx,35,https://cdn.shopify.com/s/files/1/0592/2648/8986/products/FF300410C-R_cb526b37-248f-408d-80ce-bb60926405e5.webp?v=1673370283,000034_e4b5a109e982.webp,downloaded,
compressed_air_filters_1.xlsx,51,https://cdn.shopify.com/s/files/1/0592/2648/8986/files/FF300397C_2775ca35-4251-4dd8-8511-3a3a51952217.jpg?v=1760959627,000050_eb3eea1d0fef.jpg,downloaded,
compressed_air_filters_1.xlsx,41,https://cdn.shopify.com/s/files/1/0592/2648/8986/products/FF300410C-R_39d00c5f-ee22-4cb3-8767-4760d6a870a3.webp?v=1673370255,000040_7ff1bfc65e90.webp,downloaded,
compressed_air_filters_1.xlsx,49,https://cdn.shopify.com/s/files/1/0592/2648/8986/files/FF300402C_c21768e1-6972-4248-8bd2-d59a6b128033.jpg?v=1760959626,000048_1235bb67b1d5.jpg,downloaded,
compressed_air_filters_1.xlsx,43,https://cdn.shopify.com/s/files/1/0592/2648/8986/products/FF300406C-R_d1c217a8-4d57-4474-a638-8d66782e5509.webp?v=1673370246,000042_0d2137971758.webp,downloaded,
compressed_air_filters_1.xlsx,44,https://cdn.shopify.com/s/files/1/0592/2648/8986/products/FF300406C-R_e3a2e65e-ba19-4b72-b2b9-4a36154743b7.webp?v=1673370242,000043_c2a905bca3fa.webp,downloaded,
compressed_air_filters_1.xlsx,47,https://cdn.shopify.com/s/files/1/0592/2648/8986/files/FF300402C_6fea0eef-dfe2-4895-86d9-7786f8e4abb6.jpg?v=1760959629,000046_ab03f7ac060f.jpg,downloaded,
compressed_air_filters_1.xlsx,46,https://cdn.shopify.com/s/files/1/0592/2648/8986/files/FF300404C_66bf3f73-c6e1-4507-9a0f-f0451e441483.jpg?v=1760959626,000045_c4fbb7dc9def.jpg,downloaded,
compressed_air_filters_1.xlsx,40,https://cdn.shopify.com/s/files/1/0592/2648/8986/products/FF300410C-R_d9e9e916-de1f-4b9f-886b-d962ad3a402e.webp?v=1673370259,000039_7cbcc1d7104f.webp,downloaded,
compressed_air_filters_1.xlsx,42,https://cdn.shopify.com/s/files/1/0592/2648/8986/products/FF300406C-R_e1950555-52b8-4380-97bb-21c468da0b40.webp?v=1673370251,000041_db1dd6dcf3db.webp,downloaded,
compressed_air_filters_1.xlsx,45,https://cdn.shopify.com/s/files/1/0592/2648/8986/products/FF300406C-R_5eb96a29-a2ab-4b5c-8a2e-3ac72e5f54cb.webp?v=1673370237,000044_cd6652f6517e.webp,downloaded,
compressed_air_filters_1.xlsx,38,https://cdn.shopify.com/s/files/1/0592/2648/8986/products/FF300410C-R_46704d73-91ce-4025-96e8-089a27e05d30.webp?v=1673370269,000037_526a4e2f790a.webp,downloaded,
compressed_air_filters_1.xlsx,61,https://cdn.shopify.com/s/files/1/0592/2648/8986/products/FF300385C-R_d61f595d-7f0d-4711-bf9a-a138b0a5c7c3.webp?v=1673370119,000060_d7370582eda5.webp,downloaded,
compressed_air_filters_1.xlsx,48,https://cdn.shopify.com/s/files/1/0592/2648/8986/files/FF300402C_a230cb45-5e94-4abc-bf8f-f78cadfddcab.jpg?v=1760959628,000047_cda4865f8b9a.jpg,downloaded,
compressed_air_filters_1.xlsx,50,https://cdn.shopify.com/s/files/1/0592/2648/8986/files/FF300397C_956e5d7b-d5cc-4dc2-96a1-725f31bd3cdb.jpg?v=1760959628,000049_c490b3fe55d8.jpg,downloaded,
compressed_air_filters_1.xlsx,58,https://cdn.shopify.com/s/files/1/0592/2648/8986/products/FF300385C-R_525537bb-02ec-4762-8826-3416d619edc5.webp?v=1673370143,000057_cf1fc2714351.webp,downloaded,
compressed_air_filters_1.xlsx,55,https://cdn.shopify.com/s/files/1/0592/2648/8986/products/FF300389C-R_5ebd2329-fd49-4053-96ed-b2819b16ae5a.webp?v=1673370163,000054_87f14efd6c70.webp,downloaded,
compressed_air_filters_1.xlsx,52,https://cdn.shopify.com/s/files/1/0592/2648/8986/files/FF300397C_02458206-30e5-4a4b-a1b3-cebc4dcef546.jpg?v=1760959623,000051_6326343a1fab.jpg,downloaded,
compressed_air_filters_1.xlsx,56,https://cdn.shopify.com/s/files/1/0592/2648/8986/products/FF300389C-R_4f91d459-a7f9-4679-a517-070e1d2ae1f2.webp?v=1673370158,000055_0a02f9751d61.webp,downloaded,
compressed_air_filters_1.xlsx,57,https://cdn.shopify.com/s/files/1/0592/2648/8986/products/FF300385C-R_ba917e64-947c-43b7-9d4e-27e3d28be8ac.webp?v=1673370148,000056_24e003cd4559.webp,downloaded,
compressed_air_filters_1.xlsx,62,https://cdn.shopify.com/s/files/1/0592/2648/8986/products/FF300385C-R_138adc6c-7d50-48b9-b672-0f5532d0ebd2.webp?v=1673370116,000061_0317bb094ace.webp,downloaded,
compressed_air_filters_1.xlsx,53,https://cdn.shopify.com/s/files/1/0592/2648/8986/files/FF300393C_6424f2ec-729c-43a5-b193-9370482a40f6.jpg?v=1760959626,000052_997a2f8fe531.jpg,downloaded,
compressed_air_filters_1.xlsx,60,https://cdn.shopify.com/s/files/1/0592/2648/8986/products/FF300385C-R_4c023dd7-5318-4519-b850-908a57d9861b.webp?v=1673370127,000059_45abdf5cadd9.webp,downloaded,
compressed_air_filters_1.xlsx,54,https://cdn.shopify.com/s/files/1/0592/2648/8986/files/FF300393C_b6077fe2-1ec3-4bcf-9af4-28f4638cca08.jpg?v=1760959624,000053_48e36b41006a.jpg,downloaded,
compressed_air_filters_1.xlsx,59,https://cdn.shopify.com/s/files/1/0592/2648/8986/products/FF300385C-R_a0a9cf03-ad01-4c2d-9987-8959b4a70a3f.webp?v=1673370130,000058_0fbc538a5653.webp,downloaded,
compressed_air_filters_1.xlsx,63,https://cdn.shopify.com/s/files/1/0592/2648/8986/products/FF300385C-R_92869fbe-b71f-446a-9897-6661dd15972a.webp?v=1673370104,000062_36e6318c6b98.webp,downloaded,
compressed_air_filters_1.xlsx,65,https://cdn.shopify.com/s/files/1/0592/2648/8986/products/FF300427C-R_d64f3242-0ff3-46f8-b4af-3437f9d045f2.webp?v=1673370099,000064_5a0a62164630.webp,downloaded,
compressed_air_filters_1.xlsx,64,https://cdn.shopify.com/s/files/1/0592/2648/8986/products/FF300427C-R_26a41490-698d-4bb1-b3ad-c464fa81b332.webp?v=1673370102,000063_4729e7d0208a.webp,downloaded,
compressed_air_filters_1.xlsx,67,https://cdn.shopify.com/s/files/1/0592/2648/8986/products/FF300427C-R_3dbaed0a-6e1d-40c6-bc8b-1faa7971fcfb.webp?v=1673370091,000066_30c4be6baa18.webp,downloaded,
compressed_air_filters_1.xlsx,68,https://cdn.shopify.com/s/files/1/0592/2648/8986/products/FF300427C-R_882f0cc5-bb47-4f7b-96b1-0d86d5585fd3.webp?v=1673370089,000067_b4501c65718c.webp,downloaded,
compressed_air_filters_1.xlsx,71,https://cdn.shopify.com/s/files/1/0592/2648/8986/products/FF300427C-R_491a496b-8ffa-4dd1-aff2-c5cf9d49cf35.webp?v=1673370077,000070_c73db813d07a.webp,downloaded,
compressed_air_filters_1.xlsx,66,https://cdn.shopify.com/s/files/1/0592/2648/8986/products/FF300427C-R_fc8c9dfe-31b8-4849-a0cb-5f3446aa3c3a.webp?v=1673370095,000065_0673547a0386.webp,downloaded,
compressed_air_filters_1.xlsx,77,https://cdn.shopify.com/s/files/1/0592/2648/8986/products/FF300427C-R_e16de34a-874f-44a0-ab3f-8a656ec5dd6a.webp?v=1673370057,000076_b3336d641dda.webp,downloaded,
compressed_air_filters_1.xlsx,69,https://cdn.shopify.com/s/files/1/0592/2648/8986/products/FF300427C-R_dcb4a3af-3a42-4f3e-83a9-25bd57f118c9.webp?v=1673370084,000068_e7fb762d3ffb.webp,downloaded,
compressed_air_filters_1.xlsx,73,https://cdn.shopify.com/s/files/1/0592/2648/8986/products/FF300427C-R_a5390290-f896-46c6-9031-9675cb055b28.webp?v=1673370070,000072_d6418f1e8be2.webp,downloaded,
compressed_air_filters_1.xlsx,78,https://cdn.shopify.com/s/files/1/0592/2648/8986/products/FF300427C-R_d636ca92-9238-4855-8e12-0b315daa6212.webp?v=1673370052,000077_1d039d75ab47.webp,downloaded,
compressed_air_filters_1.xlsx,70,https://cdn.shopify.com/s/files/1/0592/2648/8986/products/FF300427C-R_cbc57037-3987-463d-92ca-8f688db6f21b.webp?v=1673370082,000069_fc60d20799d7.webp,downloaded,
compressed_air_filters_1.xlsx,79,https://cdn.shopify.com/s/files/1/0592/2648/8986/products/FF300427C-R_15bad463-19a2-4a4a-945c-fddbf11a1ab1.webp?v=1673370049,000078_939171eb949a.webp,downloaded,
compressed_air_filters_1.xlsx,80,https://cdn.shopify.com/s/files/1/0592/2648/8986/products/FF300418C-R_3fef247e-ecb2-48d9-8938-6297a38e698f.webp?v=1673370045,000079_927f57cbe04c.webp,downloaded,
compressed_air_filters_1.xlsx,76,https://cdn.shopify.com/s/files/1/0592/2648/8986/products/FF300427C-R_2c651f29-d5d3-4818-8d55-550dc62f5d92.webp?v=1673370060,000075_cd455d45b3b1.webp,downloaded,
compressed_air_filters_1.xlsx,74,https://cdn.shopify.com/s/files/1/0592/2648/8986/products/FF300427C-R_bdbb8e75-7f01-46ea-83bc-2d1612f9dc11.webp?v=1673370066,000073_a914b521e55c.webp,downloaded,
compressed_air_filters_1.xlsx,72,https://cdn.shopify.com/s/files/1/0592/2648/8986/products/FF300427C-R_175bd6d6-eb73-4dab-9a0f-6e329b5df890.webp?v=1673370074,000071_9a1169ef589b.webp,downloaded,
compressed_air_filters_1.xlsx,75,https://cdn.shopify.com/s/files/1/0592/2648/8986/products/FF300427C-R_2278afcc-5edc-4f90-8edf-0c03b3f2234e.webp?v=1673370063,000074_dff01a9a9fd9.webp,downloaded,
compressed_air_filters_1.xlsx,93,https://cdn.shopify.com/s/files/1/0592/2648/8986/products/FF300410C-R_2e807a67-e08e-4071-912d-1335a2c263b2.webp?v=1673369998,000092_11746884bec3.webp,downloaded,
compressed_air_filters_1.xlsx,81,https://cdn.shopify.com/s/files/1/0592/2648/8986/products/FF300418C-R_1ea463c3-396f-4161-869c-4d124eee8066.webp?v=1673370041,000080_5acffe4b85a1.webp,downloaded,
compressed_air_filters_1.xlsx,82,https://cdn.shopify.com/s/files/1/0592/2648/8986/products/FF300418C-R_2d32f89f-8e74-42cf-92aa-e366bb3a25e7.webp?v=1673370038,000081_2f909c8e43cd.webp,downloaded,
compressed_air_filters_1.xlsx,94,https://cdn.shopify.com/s/files/1/0592/2648/8986/products/FF300410C-R_c1106ed0-5b51-4d11-a155-a6513fe27a49.webp?v=1673369995,000093_aa7f4b39e710.webp,downloaded,
compressed_air_filters_1.xlsx,95,https://cdn.shopify.com/s/files/1/0592/2648/8986/products/FF300410C-R_651233ae-fece-491e-ac98-c6c483eac5b2.webp?v=1673369992,000094_8f681af451ec.webp,downloaded,
compressed_air_filters_1.xlsx,83,https://cdn.shopify.com/s/files/1/0592/2648/8986/products/FF300418C-R_45c792f6-9f39-4d12-b625-c46f06d80ebf.webp?v=1673370036,000082_f22b1f871042.webp,downloaded,
compressed_air_filters_1.xlsx,92,https://cdn.shopify.com/s/files/1/0592/2648/8986/products/FF300410C-R_5394f061-44db-4a10-b21d-88d4b7fadd1f.webp?v=1673370003,000091_6e7164fa9d27.webp,downloaded,
compressed_air_filters_1.xlsx,89,https://cdn.shopify.com/s/files/1/0592/2648/8986/products/FF300418C-R_d97ddfa9-4079-4f27-bb3a-991987300d7a.webp?v=1673370012,000088_c43cf63ccbb1.webp,downloaded,
compressed_air_filters_1.xlsx,85,https://cdn.shopify.com/s/files/1/0592/2648/8986/products/FF300418C-R_bce9cf73-e403-40f0-992a-616cb7706eff.webp?v=1673370026,000084_9e438bbab975.webp,downloaded,
compressed_air_filters_1.xlsx,84,https://cdn.shopify.com/s/files/1/0592/2648/8986/products/FF300418C-R_0a7e89c3-e45a-49cf-880f-25e07e3c4a8a.webp?v=1673370030,000083_1531954a06f0.webp,downloaded,
compressed_air_filters_1.xlsx,87,https://cdn.shopify.com/s/files/1/0592/2648/8986/products/FF300418C-R_e334436d-5edd-4855-9325-3332ce06e7fb.webp?v=1673370021,000086_4532001af33f.webp,downloaded,
compressed_air_filters_1.xlsx,91,https://cdn.shopify.com/s/files/1/0592/2648/8986/products/FF300410C-R_ba876bce-2418-4b9a-8a25-4cb299338758.webp?v=1673370006,000090_d9f55baf0181.webp,downloaded,
compressed_air_filters_1.xlsx,90,https://cdn.shopify.com/s/files/1/0592/2648/8986/products/FF300410C-R_cf3b65c1-8813-48ef-93a1-e6779d4b8c86.webp?v=1673370010,000089_55a432751858.webp,downloaded,
compressed_air_filters_1.xlsx,88,https://cdn.shopify.com/s/files/1/0592/2648/8986/products/FF300418C-R_d41a9fe6-731d-40b2-9450-b5c4b02a9e59.webp?v=1673370016,000087_f4e3e7983ea2.webp,downloaded,
compressed_air_filters_1.xlsx,97,https://cdn.shopify.com/s/files/1/0592/2648/8986/products/FF300410C-R_dc598609-f448-4621-91d4-848ea55965ff.webp?v=1673369984,000096_6f090e4d55c2.webp,downloaded,
compressed_air_filters_1.xlsx,86,https://cdn.shopify.com/s/files/1/0592/2648/8986/products/FF300418C-R_2cc793b0-d23c-49d4-93cb-7c64e49cd749.webp?v=1673370024,000085_aaa9593c4d9e.webp,downloaded,
compressed_air_filters_1.xlsx,96,https://cdn.shopify.com/s/files/1/0592/2648/8986/products/FF300410C-R_8b853f2c-528d-43c1-aa1f-22c15fa73538.webp?v=1673369989,000095_4c44fa445f44.webp,downloaded,
compressed_air_filters_1.xlsx,98,https://cdn.shopify.com/s/files/1/0592/2648/8986/products/FF300410C-R_d8393482-9610-44e0-badc-722d952c540d.webp?v=1673369980,000097_9bdaa34c34ef.webp,downloaded,
compressed_air_filters_1.xlsx,107,https://cdn.shopify.com/s/files/1/0592/2648/8986/products/FF300406C-R_dd797ac9-66c3-4737-b235-41a0695df9df.webp?v=1673369949,000106_7c6aea8d201b.webp,downloaded,
compressed_air_filters_1.xlsx,104,https://cdn.shopify.com/s/files/1/0592/2648/8986/products/FF300406C-R_08df13ae-4936-429b-b053-eec600c1f3ed.webp?v=1673369960,000103_81301c0587ea.webp,downloaded,
compressed_air_filters_1.xlsx,100,https://cdn.shopify.com/s/files/1/0592/2648/8986/products/FF300410C-R_e67b8fa0-6367-498d-ba74-81f71a931dfb.webp?v=1673369974,000099_23187eaa291c.webp,downloaded,
compressed_air_filters_1.xlsx,101,https://cdn.shopify.com/s/files/1/0592/2648/8986/products/FF300410C-R_bdb5038c-a60e-46cc-b63c-d956521b8b80.webp?v=1673369971,000100_f61b5a31a550.webp,downloaded,
compressed_air_filters_1.xlsx,103,https://cdn.shopify.com/s/files/1/0592/2648/8986/products/FF300410C-R_5e92cd22-3d8d-4205-b98c-5ea8f376f9f9.webp?v=1673369963,000102_68a5945d75a2.webp,downloaded,
compressed_air_filters_1.xlsx,110,https://cdn.shopify.com/s/files/1/0592/2648/8986/files/FF300402C_ac646959-a5fa-459a-9c9d-860adcdad7d0.jpg?v=1760959632,000109_1b75de184942.jpg,downloaded,
compressed_air_filters_1.xlsx,105,https://cdn.shopify.com/s/files/1/0592/2648/8986/products/FF300406C-R_aea0df89-c71d-47d4-9a9f-fe131593a5eb.webp?v=1673369956,000104_0d94a4ea8cef.webp,downloaded,
compressed_air_filters_1.xlsx,108,https://cdn.shopify.com/s/files/1/0592/2648/8986/products/FF300406C-R_b2fe1326-9571-4e91-815e-af80bd4db159.webp?v=1673369946,000107_c87b4ceba0bf.webp,downloaded,
compressed_air_filters_1.xlsx,99,https://cdn.shopify.com/s/files/1/0592/2648/8986/products/FF300410C-R_e02df1a8-02f6-4768-a263-498b5d594fcb.webp?v=1673369976,000098_0d34b2d118fb.webp,downloaded,
compressed_air_filters_1.xlsx,109,https://cdn.shopify.com/s/files/1/0592/2648/8986/products/FF300406C-R_6bfb6e59-52f7-4ca9-a4b7-4490c9fd3c18.webp?v=1673369942,000108_16c628da76d3.webp,downloaded,
compressed_air_filters_1.xlsx,102,https://cdn.shopify.com/s/files/1/0592/2648/8986/products/FF300410C-R_6742b3b5-f233-42d1-9b66-b865a8aa37ed.webp?v=1673369966,000101_d9be466cd8cf.webp,downloaded,
compressed_air_filters_1.xlsx,106,https://cdn.shopify.com/s/files/1/0592/2648/8986/products/FF300406C-R_399a4d58-bf0a-4c10-b4e1-3497b3ea9366.webp?v=1673369952,000105_2201ac2ed1cb.webp,downloaded,
compressed_air_filters_1.xlsx,113,https://cdn.shopify.com/s/files/1/0592/2648/8986/files/FF300326C_83a59f77-4f2b-4724-b7b6-ae40d874b3a5.jpg?v=1760959629,000112_2650e0d398e9.jpg,downloaded,
compressed_air_filters_1.xlsx,112,https://cdn.shopify.com/s/files/1/0592/2648/8986/files/FF300326C_cf8dbedf-8ddb-4bb8-a3e8-693036356c67.jpg?v=1760959628,000111_f42e07a3f298.jpg,downloaded,
compressed_air_filters_1.xlsx,111,https://cdn.shopify.com/s/files/1/0592/2648/8986/files/FF300326C_be075eae-1fcd-4ace-b161-c7223bbea5fa.jpg?v=1760959627,000110_8ca5c3ed601e.jpg,downloaded,
compressed_air_filters_1.xlsx,115,https://cdn.shopify.com/s/files/1/0592/2648/8986/files/FF300397C_ed399859-020c-4994-b6ac-74bc58f5519b.jpg?v=1760959628,000114_04783e9c5bd9.jpg,downloaded,
compressed_air_filters_1.xlsx,114,https://cdn.shopify.com/s/files/1/0592/2648/8986/files/FF300326C_868b784e-0192-4d32-a620-4f2e420f0264.jpg?v=1760959629,000113_e571287784b6.jpg,downloaded,
compressed_air_filters_1.xlsx,125,https://cdn.shopify.com/s/files/1/0592/2648/8986/products/FF300389C-R_0ce1a733-9fa1-433c-a3e4-106918a03ebe.webp?v=1673369886,000124_15210c0705ac.webp,downloaded,
compressed_air_filters_1.xlsx,123,https://cdn.shopify.com/s/files/1/0592/2648/8986/files/FF300316C_bc8f5a49-bf03-481e-94eb-e805796de4f3.jpg?v=1760959627,000122_e407575d47f0.jpg,downloaded,
compressed_air_filters_1.xlsx,118,https://cdn.shopify.com/s/files/1/0592/2648/8986/products/FF300397C-R_cc88d837-de52-4bd0-a3aa-831c9958ad2f.webp?v=1673369912,000117_d949c24edcf0.webp,downloaded,
compressed_air_filters_1.xlsx,117,https://cdn.shopify.com/s/files/1/0592/2648/8986/products/FF300397C-R_0833e983-2df5-440c-bc75-00449ebb1613.webp?v=1673369914,000116_5b10f70e9094.webp,downloaded,
compressed_air_filters_1.xlsx,124,https://cdn.shopify.com/s/files/1/0592/2648/8986/files/FF300316C_9fa6945f-eb8b-43fa-808f-efcecf0cf12c.jpg?v=1760959628,000123_cea83d73eae5.jpg,downloaded,
compressed_air_filters_1.xlsx,121,https://cdn.shopify.com/s/files/1/0592/2648/8986/files/FF300316C_818cb524-1c78-46a3-999d-235c06ab058d.jpg?v=1760959622,000120_c64c71dcb48a.jpg,downloaded,
compressed_air_filters_1.xlsx,120,https://cdn.shopify.com/s/files/1/0592/2648/8986/files/FF300393C_fcb7da76-83fb-4197-ac05-92ce88de8f25.jpg?v=1760959628,000119_b7a09e8418de.jpg,downloaded,
compressed_air_filters_1.xlsx,119,https://cdn.shopify.com/s/files/1/0592/2648/8986/products/FF300397C-R_6b2b3e02-e329-4bdd-a97c-46a2ffd50881.webp?v=1673369908,000118_df82a44cb22d.webp,downloaded,
compressed_air_filters_1.xlsx,122,https://cdn.shopify.com/s/files/1/0592/2648/8986/files/FF300316C_0fc15081-42f7-4f44-9094-c8882cd01313.jpg?v=1760959625,000121_6ec8d0521bc0.jpg,downloaded,
compressed_air_filters_1.xlsx,127,https://cdn.shopify.com/s/files/1/0592/2648/8986/products/FF300389C-R_f98c683e-d80f-4995-986b-a3bcc6aa41f6.webp?v=1673369879,000126_15fdf4694a3b.webp,downloaded,
compressed_air_filters_1.xlsx,126,https://cdn.shopify.com/s/files/1/0592/2648/8986/products/FF300389C-R_d197f823-0dc5-465f-870d-06839283088d.webp?v=1673369883,000125_f1d31e8d821a.webp,downloaded,
compressed_air_filters_1.xlsx,116,https://cdn.shopify.com/s/files/1/0592/2648/8986/products/FF300397C-R_d16faddf-d663-49ea-9fb1-04d960a0a556.webp?v=1673369917,000115_cb64f115b91f.webp,downloaded,
compressed_air_filters_1.xlsx,128,https://cdn.shopify.com/s/files/1/0592/2648/8986/products/FF300389C-R_f77736c8-36df-457d-a4af-cfdfdd53d11e.webp?v=1673369875,000127_bc241df4cdeb.webp,downloaded,
compressed_air_filters_1.xlsx,129,https://cdn.shopify.com/s/files/1/0592/2648/8986/products/FF300389C-R_16b9db3c-f6c0-489e-8c0e-9de8d7d50851.webp?v=1673369872,000128_7ddea9509cf7.webp,downloaded,
compressed_air_filters_1.xlsx,130,https://cdn.shopify.com/s/files/1/0592/2648/8986/products/FF300385C-R_2d17dee8-8c24-43a8-802b-57d7c2309b85.webp?v=1673369870,000129_b0c1647515a8.webp,downloaded,
compressed_air_filters_1.xlsx,133,https://cdn.shopify.com/s/files/1/0592/2648/8986/products/FF300427C-R_d7bd6dc6-ded5-4ef6-b38d-b1e36242db9a.webp?v=1673370383,000132_92c46a9532db.webp,downloaded,
compressed_air_filters_1.xlsx,135,https://cdn.shopify.com/s/files/1/0592/2648/8986/products/FF300427C-R_759415c3-941e-43c7-8c24-07e30b855143.webp?v=1673370377,000134_6f93e7855ad7.webp,downloaded,
compressed_air_filters_1.xlsx,131,https://cdn.shopify.com/s/files/1/0592/2648/8986/products/FF300427C-R_9da74391-66c3-4893-9067-3e9fb23f2208.webp?v=1673370390,000130_1a23d16c40a4.webp,downloaded,
compressed_air_filters_1.xlsx,132,https://cdn.shopify.com/s/files/1/0592/2648/8986/products/FF300427C-R_bba99fa6-3143-4fa6-95c9-0cfa94fbdc22.webp?v=1673370386,000131_dc6f32c18dd0.webp,downloaded,
compressed_air_filters_1.xlsx,134,https://cdn.shopify.com/s/files/1/0592/2648/8986/products/FF300427C-R_03be307f-0315-4dd0-99d1-d3563ff4eb98.webp?v=1673370381,000133_03f48ac96aba.webp,downloaded,
compressed_air_filters_1.xlsx,138,https://cdn.shopify.com/s/files/1/0592/2648/8986/products/FF300427C-R_7f9268b9-85fa-499e-9ac7-e863c998e82a.webp?v=1673370368,000137_4a0955f3bda4.webp,downloaded,
compressed_air_filters_1.xlsx,139,https://cdn.shopify.com/s/files/1/0592/2648/8986/products/FF300427C-R_4318bc9c-f964-442e-9218-458b03aea370.webp?v=1673370364,000138_0b6f401b881e.webp,downloaded,
compressed_air_filters_1.xlsx,137,https://cdn.shopify.com/s/files/1/0592/2648/8986/products/FF300427C-R_88e40643-77e6-4db9-a1c2-9ed1de077f77.webp?v=1673370369,000136_095c2ccac3a4.webp,downloaded,
compressed_air_filters_1.xlsx,140,https://cdn.shopify.com/s/files/1/0592/2648/8986/products/FF300427C-R_9804b01a-49c6-455e-bdbb-c926af12d099.webp?v=1673370359,000139_842ca23b349c.webp,downloaded,
compressed_air_filters_1.xlsx,143,https://cdn.shopify.com/s/files/1/0592/2648/8986/products/FF300427C-R_cced7530-0ddb-4a53-aff3-ea351b123551.webp?v=1673370346,000142_4fe8145a19e1.webp,downloaded,
compressed_air_filters_1.xlsx,142,https://cdn.shopify.com/s/files/1/0592/2648/8986/products/FF300427C-R_e33645f1-0f51-4610-af35-d32b27dbf987.webp?v=1673370350,000141_323d46aa3175.webp,downloaded,
compressed_air_filters_1.xlsx,144,https://cdn.shopify.com/s/files/1/0592/2648/8986/products/FF300427C-R_bc798756-aef7-4efc-9f01-0c071bdf4d0a.webp?v=1673370341,000143_cceb37b27877.webp,downloaded,
compressed_air_filters_1.xlsx,141,https://cdn.shopify.com/s/files/1/0592/2648/8986/products/FF300427C-R_4c3ac1b1-90f3-493f-8649-25fe414dfaf8.webp?v=1673370354,000140_71d67a707b13.webp,downloaded,
compressed_air_filters_1.xlsx,136,https://cdn.shopify.com/s/files/1/0592/2648/8986/products/FF300427C-R_354ae870-b7f3-4475-a20a-74d44dcaa713.webp?v=1673370373,000135_4810fe4b208b.webp,downloaded,
compressed_air_filters_1.xlsx,145,https://cdn.shopify.com/s/files/1/0592/2648/8986/products/FF300427C-R_ee02db1b-10d6-4fe3-aaa8-7e3d86a9e40a.webp?v=1673370336,000144_fe8682603644.webp,downloaded,
compressed_air_filters_1.xlsx,146,https://cdn.shopify.com/s/files/1/0592/2648/8986/products/FF300427C-R_7d185d27-885f-4c6e-832a-e028029961f7.webp?v=1673370331,000145_a2d98d30cadd.webp,downloaded,
compressed_air_filters_1.xlsx,155,https://cdn.shopify.com/s/files/1/0592/2648/8986/products/FF300418C-R_f69e6056-bd5f-4482-bdc1-0dc534896615.webp?v=1673370291,000154_64ef1c413f11.webp,downloaded,
compressed_air_filters_1.xlsx,158,https://cdn.shopify.com/s/files/1/0592/2648/8986/products/FF300410C-R_82f1618a-d0d2-47c4-8f4a-c3aca06b2219.webp?v=1673370277,000157_dac3c27948a5.webp,downloaded,
compressed_air_filters_1.xlsx,149,https://cdn.shopify.com/s/files/1/0592/2648/8986/products/FF300418C-R_555cf096-0752-4c7c-93df-f104ef0043ee.webp?v=1673370318,000148_711e59911f41.webp,downloaded,
compressed_air_filters_1.xlsx,148,https://cdn.shopify.com/s/files/1/0592/2648/8986/products/FF300418C-R_1ad72ae9-0e67-4a42-8ad6-ca6bc4102dde.webp?v=1673370322,000147_80248e0c2170.webp,downloaded,
compressed_air_filters_1.xlsx,147,https://cdn.shopify.com/s/files/1/0592/2648/8986/products/FF300418C-R_66f9ecc8-0c93-4e88-957c-d5edf906e702.webp?v=1673370327,000146_a63222b0cf80.webp,downloaded,
compressed_air_filters_1.xlsx,154,https://cdn.shopify.com/s/files/1/0592/2648/8986/products/FF300418C-R_3ae9f9f7-5f51-4eeb-bf5c-027592f93c04.webp?v=1673370295,000153_71b147694aab.webp,downloaded,
compressed_air_filters_1.xlsx,152,https://cdn.shopify.com/s/files/1/0592/2648/8986/products/FF300418C-R_c4d6fe2e-939f-4ebe-b0d5-dfef5c2f5731.webp?v=1673370304,000151_ee7f336abb16.webp,downloaded,
compressed_air_filters_1.xlsx,160,https://cdn.shopify.com/s/files/1/0592/2648/8986/products/FF300410C-R_5fcd66a4-c05c-4cee-b822-98ce5485316b.webp?v=1673370270,000159_288528ae2958.webp,downloaded,
compressed_air_filters_1.xlsx,150,https://cdn.shopify.com/s/files/1/0592/2648/8986/products/FF300418C-R_13e03f85-cc3c-4cd4-906a-c597e799cb4f.webp?v=1673370313,000149_6bc7acca49a7.webp,downloaded,
compressed_air_filters_1.xlsx,159,https://cdn.shopify.com/s/files/1/0592/2648/8986/products/FF300410C-R_1b3999b4-991c-40c2-8f52-4029694470d6.webp?v=1673370272,000158_b342a53b09b7.webp,downloaded,
compressed_air_filters_1.xlsx,151,https://cdn.shopify.com/s/files/1/0592/2648/8986/products/FF300418C-R_9afa8f7f-4f35-47eb-a567-0cce89eef9c4.webp?v=1673370309,000150_19de01535404.webp,downloaded,
compressed_air_filters_1.xlsx,156,https://cdn.shopify.com/s/files/1/0592/2648/8986/products/FF300410C-R_4087a011-79e0-425d-80a1-f5454e9c7cbd.webp?v=1673370286,000155_f8c8076ad217.webp,downloaded,
compressed_air_filters_1.xlsx,153,https://cdn.shopify.com/s/files/1/0592/2648/8986/products/FF300418C-R_b1a9b3ae-0e54-4015-9aa5-5ce8af5d3190.webp?v=1673370300,000152_3ebe1fa89f71.webp,downloaded,
compressed_air_filters_1.xlsx,164,https://cdn.shopify.com/s/files/1/0592/2648/8986/products/FF300406C-R_b0f7db02-cef6-4ee8-a14f-5d726b35ee9d.webp?v=1673370250,000163_5c2cb4cb7f38.webp,downloaded,
compressed_air_filters_1.xlsx,166,https://cdn.shopify.com/s/files/1/0592/2648/8986/products/FF300406C-R_740feaeb-9c72-46bc-8158-372694be79db.webp?v=1673370241,000165_80f8055b3945.webp,downloaded,
compressed_air_filters_1.xlsx,163,https://cdn.shopify.com/s/files/1/0592/2648/8986/products/FF300410C-R_c52f1106-e6a4-4e1b-a11f-52d757f46288.webp?v=1673370254,000162_bb1c692fe95d.webp,downloaded,
compressed_air_filters_1.xlsx,157,https://cdn.shopify.com/s/files/1/0592/2648/8986/products/FF300410C-R_0a44290e-9588-4ca5-a469-0a711735c756.webp?v=1673370281,000156_3fe6e2f63e73.webp,downloaded,
compressed_air_filters_1.xlsx,161,https://cdn.shopify.com/s/files/1/0592/2648/8986/products/FF300410C-R_8247ac36-a210-4b0e-a016-17438594b14b.webp?v=1673370263,000160_69c8e9db5ac4.webp,downloaded,
compressed_air_filters_1.xlsx,169,https://cdn.shopify.com/s/files/1/0592/2648/8986/files/FF300402C_0caea136-4891-46b9-b3f6-58d20a601e72.jpg?v=1760959549,000168_1b46e3f456ca.jpg,downloaded,
compressed_air_filters_1.xlsx,167,https://cdn.shopify.com/s/files/1/0592/2648/8986/products/FF300406C-R_44b402dd-cb6f-4322-8f70-60350638fc6a.webp?v=1673370235,000166_eeceaf764816.webp,downloaded,
compressed_air_filters_1.xlsx,170,https://cdn.shopify.com/s/files/1/0592/2648/8986/files/FF300397C_ace02248-d827-4d74-bbaa-e7055a2bd8a6.jpg?v=1760959547,000169_7c5d23838d3b.jpg,downloaded,
compressed_air_filters_1.xlsx,165,https://cdn.shopify.com/s/files/1/0592/2648/8986/products/FF300406C-R_e6491ea5-6199-4287-9e72-ba1c8888b57e.webp?v=1673370246,000164_d56acf021057.webp,downloaded,
compressed_air_filters_1.xlsx,175,https://cdn.shopify.com/s/files/1/0592/2648/8986/files/FF300393C_b1666da8-2858-41b3-a354-7be19547a989.jpg?v=1760959543,000174_46b1ccdca63b.jpg,downloaded,
compressed_air_filters_1.xlsx,174,https://cdn.shopify.com/s/files/1/0592/2648/8986/files/FF300393C_7cb09f75-1435-49b8-b315-39e6665e1f54.jpg?v=1760959543,000173_8d0076a01e61.jpg,downloaded,
compressed_air_filters_1.xlsx,172,https://cdn.shopify.com/s/files/1/0592/2648/8986/files/FF300397C_bfd143e5-8c2a-469b-a47b-acb9785b746b.jpg?v=1760959544,000171_66eb26da4074.jpg,downloaded,
compressed_air_filters_1.xlsx,168,https://cdn.shopify.com/s/files/1/0592/2648/8986/files/FF300402C_08218e3e-2005-485c-b31a-4cf6234ae6e0.jpg?v=1760959543,000167_020d4d066212.jpg,downloaded,
compressed_air_filters_1.xlsx,162,https://cdn.shopify.com/s/files/1/0592/2648/8986/products/FF300410C-R_35523362-b048-4ada-b8bb-b87aca724c04.webp?v=1673370259,000161_120edd1702ec.webp,downloaded,
compressed_air_filters_1.xlsx,171,https://cdn.shopify.com/s/files/1/0592/2648/8986/files/FF300397C_2dc7e59e-dc7b-4635-8086-46c83170f276.jpg?v=1760959550,000170_439c84c914ed.jpg,downloaded,
compressed_air_filters_1.xlsx,173,https://cdn.shopify.com/s/files/1/0592/2648/8986/files/FF300393C_7fa66629-9400-482c-b4a9-823fd64f5905.jpg?v=1760959543,000172_4092bb6f6d1c.jpg,downloaded,
compressed_air_filters_1.xlsx,176,https://cdn.shopify.com/s/files/1/0592/2648/8986/products/FF300389C-R_74c40d6c-cb56-4dcc-8b70-3e947d213725.webp?v=1673370168,000175_f3a88f25a9bf.webp,downloaded,
compressed_air_filters_1.xlsx,177,https://cdn.shopify.com/s/files/1/0592/2648/8986/products/FF300389C-R_4c7eecc6-5b4f-4df0-80b7-dcfa07fbc6c9.webp?v=1673370163,000176_b59fb260c5b1.webp,downloaded,
compressed_air_filters_1.xlsx,178,https://cdn.shopify.com/s/files/1/0592/2648/8986/products/FF300389C-R_d4a61b89-808d-4bda-80c0-6498e22d5461.webp?v=1673370159,000177_68fcce91459c.webp,downloaded,
compressed_air_filters_1.xlsx,179,https://cdn.shopify.com/s/files/1/0592/2648/8986/products/FF300389C-R_7bc9b613-1a8a-456d-94d8-19d5c785f212.webp?v=1673370154,000178_67eef7d74069.webp,downloaded,
compressed_air_filters_1.xlsx,186,https://cdn.shopify.com/s/files/1/0592/2648/8986/products/FF300385C-R_9bd9002f-1e2e-4fa1-954d-0ee24470a614.webp?v=1673370117,000185_d478926a9366.webp,downloaded,
compressed_air_filters_1.xlsx,184,https://cdn.shopify.com/s/files/1/0592/2648/8986/products/FF300385C-R_dd030313-7989-47e6-a08e-011337cf1cc7.webp?v=1673370124,000183_1b672941347d.webp,downloaded,
compressed_air_filters_1.xlsx,181,https://cdn.shopify.com/s/files/1/0592/2648/8986/products/FF300385C-R_12e94a91-683b-4536-9de5-d20f8bd6bb7d.webp?v=1673370134,000180_21830c773ada.webp,downloaded,
compressed_air_filters_1.xlsx,190,https://cdn.shopify.com/s/files/1/0592/2648/8986/products/FF300385C-R_b24f533a-e9bf-47dd-90f4-d05255579a7c.webp?v=1673370103,000189_985531dcbaaa.webp,downloaded,
compressed_air_filters_1.xlsx,191,https://cdn.shopify.com/s/files/1/0592/2648/8986/products/FF300427C-R_0f7e46c9-e04a-4ea6-b430-10769824a0a0.webp?v=1673370099,000190_797d09a96610.webp,downloaded,
compressed_air_filters_1.xlsx,195,https://cdn.shopify.com/s/files/1/0592/2648/8986/products/FF300427C-R_e85edf50-8e52-4bf7-a39c-eeb7d9a7610c.webp?v=1673370086,000194_f822debdc940.webp,downloaded,
compressed_air_filters_1.xlsx,198,https://cdn.shopify.com/s/files/1/0592/2648/8986/products/FF300427C-R_751fd68c-2fc9-4744-b759-1422323cbf72.webp?v=1673370075,000197_b814b6b9b102.webp,downloaded,
compressed_air_filters_1.xlsx,192,https://cdn.shopify.com/s/files/1/0592/2648/8986/products/FF300427C-R_79fd4ecf-aad4-4079-91d4-2bc96da9711d.webp?v=1673370096,000191_647fd0f08905.webp,downloaded,
compressed_air_filters_1.xlsx,194,https://cdn.shopify.com/s/files/1/0592/2648/8986/products/FF300427C-R_2684b719-2dd0-4aca-a8b0-69e5374aba61.webp?v=1673370089,000193_8e2de166bae9.webp,downloaded,
compressed_air_filters_1.xlsx,196,https://cdn.shopify.com/s/files/1/0592/2648/8986/products/FF300427C-R_2fe0ff1a-6b0b-4d9c-b863-12c4b12274ab.webp?v=1673370082,000195_9c42120e04d0.webp,downloaded,
compressed_air_filters_1.xlsx,201,https://cdn.shopify.com/s/files/1/0592/2648/8986/products/FF300427C-R_85203bb1-6697-45d6-9172-60b55eda980c.webp?v=1673370065,000200_2e3f1771379d.webp,downloaded,
compressed_air_filters_1.xlsx,183,https://cdn.shopify.com/s/files/1/0592/2648/8986/products/FF300385C-R_8ffad39f-9983-416b-ad0b-f961c494cfaf.webp?v=1673370129,000182_7be6a4abdcf4.webp,downloaded,
compressed_air_filters_1.xlsx,182,https://cdn.shopify.com/s/files/1/0592/2648/8986/products/FF300385C-R_918f4099-e27a-460c-bacb-4f4d79de5201.webp?v=1673370131,000181_dfa93a03f763.webp,downloaded,
compressed_air_filters_1.xlsx,199,https://cdn.shopify.com/s/files/1/0592/2648/8986/products/FF300427C-R_07e90688-125b-4b07-8022-61726d0ef050.webp?v=1673370070,000198_c35cd315a3b7.webp,downloaded,
compressed_air_filters_1.xlsx,203,https://cdn.shopify.com/s/files/1/0592/2648/8986/products/FF300427C-R_80d29100-048b-4490-993d-4d710dcdb5bd.webp?v=1673370057,000202_6dc4e691b440.webp,downloaded,
compressed_air_filters_1.xlsx,180,https://cdn.shopify.com/s/files/1/0592/2648/8986/products/FF300385C-R_d7d70aa3-edce-466b-9b86-f16d548acc1a.webp?v=1673370149,000179_b5958d2dc78a.webp,downloaded,
compressed_air_filters_1.xlsx,197,https://cdn.shopify.com/s/files/1/0592/2648/8986/products/FF300427C-R_7098e54a-cc9c-4cd9-8726-3c793f6a2992.webp?v=1673370079,000196_1b4faa3359ca.webp,downloaded,
compressed_air_filters_1.xlsx,206,https://cdn.shopify.com/s/files/1/0592/2648/8986/products/FF300427C-R.webp?v=1673370046,000205_148bf8250aa0.webp,downloaded,
compressed_air_filters_1.xlsx,200,https://cdn.shopify.com/s/files/1/0592/2648/8986/products/FF300427C-R_c79b93c7-2269-41b5-8ad2-d588ab779f5e.webp?v=1673370068,000199_b5f4c4ed90d8.webp,downloaded,
compressed_air_filters_1.xlsx,185,https://cdn.shopify.com/s/files/1/0592/2648/8986/products/FF300385C-R_19cbbe35-2691-4a2f-be63-f02c2aa794d2.webp?v=1673370120,000184_efe0f697657d.webp,downloaded,
compressed_air_filters_1.xlsx,189,https://cdn.shopify.com/s/files/1/0592/2648/8986/products/FF300385C-R_65ab0465-782a-48f1-bfb9-5c66e7282e39.webp?v=1673370107,000188_5a284e646eec.webp,downloaded,
compressed_air_filters_1.xlsx,202,https://cdn.shopify.com/s/files/1/0592/2648/8986/products/FF300427C-R_e205dd94-936a-463c-a5ed-02a546543de8.webp?v=1673370062,000201_5abc34fea48c.webp,downloaded,
compressed_air_filters_1.xlsx,187,https://cdn.shopify.com/s/files/1/0592/2648/8986/products/FF300385C-R_7c8abd96-d47e-402c-a4e1-91f932de3bbf.webp?v=1673370113,000186_b4a5af6de11f.webp,downloaded,
compressed_air_filters_1.xlsx,188,https://cdn.shopify.com/s/files/1/0592/2648/8986/products/FF300385C-R_9450a9e0-b988-43df-91e8-0e350a914a41.webp?v=1673370109,000187_84415e664297.webp,downloaded,
compressed_air_filters_1.xlsx,193,https://cdn.shopify.com/s/files/1/0592/2648/8986/products/FF300427C-R_88984cd0-1178-4be5-a315-5a8c85c50e66.webp?v=1673370093,000192_f977308bdac2.webp,downloaded,
compressed_air_filters_1.xlsx,207,https://cdn.shopify.com/s/files/1/0592/2648/8986/products/FF300418C-R_18f4b1c7-48b2-4d01-83fc-15f75fcf60d7.webp?v=1673370043,000206_f9fcf665f8db.webp,downloaded,
compressed_air_filters_1.xlsx,204,https://cdn.shopify.com/s/files/1/0592/2648/8986/products/FF300427C-R_62ff426f-8e55-4ca0-a4de-934a4d190f7c.webp?v=1673370054,000203_d916db6145ab.webp,downloaded,
compressed_air_filters_1.xlsx,205,https://cdn.shopify.com/s/files/1/0592/2648/8986/products/FF300427C-R_2d890d21-55a0-4470-94f5-53432538e2bb.webp?v=1673370050,000204_5b6ccdc42746.webp,downloaded,
compressed_air_filters_1.xlsx,208,https://cdn.shopify.com/s/files/1/0592/2648/8986/products/FF300418C-R_e15f5601-dc8c-4706-990c-818fc4a6c7cb.webp?v=1673370040,000207_11bfaa6d7bd0.webp,downloaded,
compressed_air_filters_1.xlsx,210,https://cdn.shopify.com/s/files/1/0592/2648/8986/products/FF300418C-R_f84debe7-cb09-4d71-aacd-d8b7d7ac9a7a.webp?v=1673370032,000209_2eff1257aa78.webp,downloaded,
compressed_air_filters_1.xlsx,211,https://cdn.shopify.com/s/files/1/0592/2648/8986/products/FF300418C-R_352a9335-b165-4ea9-b5f8-7a600329ed3b.webp?v=1673370029,000210_d3589bcc8499.webp,downloaded,
compressed_air_filters_1.xlsx,213,https://cdn.shopify.com/s/files/1/0592/2648/8986/products/FF300418C-R_50a4fb17-ae12-446a-993b-70eb1d2602a2.webp?v=1673370021,000212_bfccce606374.webp,downloaded,
compressed_air_filters_1.xlsx,209,https://cdn.shopify.com/s/files/1/0592/2648/8986/products/FF300418C-R_6f3a6584-be9f-405a-98ff-2b12c84146e2.webp?v=1673370035,000208_dcbe9a545bdd.webp,downloaded,
compressed_air_filters_1.xlsx,214,https://cdn.shopify.com/s/files/1/0592/2648/8986/products/FF300418C-R_d7eff9d3-8342-4c3e-9971-9b56659066f3.webp?v=1673370017,000213_25a5ed1acee4.webp,downloaded,
compressed_air_filters_1.xlsx,217,https://cdn.shopify.com/s/files/1/0592/2648/8986/products/FF300410C-R_dbe08e3e-4358-4b35-972d-097f6b3151fa.webp?v=1673370007,000216_f9809bf9c18d.webp,downloaded,
compressed_air_filters_1.xlsx,215,https://cdn.shopify.com/s/files/1/0592/2648/8986/products/FF300418C-R_d37aff91-df9f-491d-bc85-afa503f33f27.webp?v=1673370015,000214_aaacea759c12.webp,downloaded,
compressed_air_filters_1.xlsx,218,https://cdn.shopify.com/s/files/1/0592/2648/8986/products/FF300410C-R_bc0e8ace-ba66-4f24-970c-a18c9730fcfe.webp?v=1673370002,000217_a300b7ae2918.webp,downloaded,
compressed_air_filters_1.xlsx,216,https://cdn.shopify.com/s/files/1/0592/2648/8986/products/FF300418C-R.webp?v=1673370011,000215_5b3624716d81.webp,downloaded,
compressed_air_filters_1.xlsx,212,https://cdn.shopify.com/s/files/1/0592/2648/8986/products/FF300418C-R_b23f9c21-b9dc-4355-b93c-716b5569c890.webp?v=1673370026,000211_bad3e9d95d95.webp,downloaded,
compressed_air_filters_1.xlsx,224,https://cdn.shopify.com/s/files/1/0592/2648/8986/products/FF300410C-R_89603124-e5f1-4f35-8e56-400900a812e1.webp?v=1673369982,000223_2016503efd7a.webp,downloaded,
compressed_air_filters_1.xlsx,220,https://cdn.shopify.com/s/files/1/0592/2648/8986/products/FF300410C-R_0c705f75-75d4-4e6a-83d2-c6718c991e22.webp?v=1673369997,000219_3acef5ce0f02.webp,downloaded,
compressed_air_filters_1.xlsx,219,https://cdn.shopify.com/s/files/1/0592/2648/8986/products/FF300410C-R_9f56d4ff-63b6-4caf-9d9f-d72ef72d325a.webp?v=1673369999,000218_a9f608892a5f.webp,downloaded,
compressed_air_filters_1.xlsx,228,https://cdn.shopify.com/s/files/1/0592/2648/8986/products/FF300410C-R_ff7cfdbc-dd51-49d4-b08b-0480238c962e.webp?v=1673369967,000227_05cb82c9b22e.webp,downloaded,
compressed_air_filters_1.xlsx,235,https://cdn.shopify.com/s/files/1/0592/2648/8986/products/FF300406C-R_bdabc0b4-fcb6-4cea-9a09-9f0d5f54a17c.webp?v=1673369943,000234_a6d262480aad.webp,downloaded,
compressed_air_filters_1.xlsx,231,https://cdn.shopify.com/s/files/1/0592/2648/8986/products/FF300406C-R_dfd6724e-f5e9-4dcd-a489-25ec9ebf4f99.webp?v=1673369957,000230_a62579eea2ef.webp,downloaded,
compressed_air_filters_1.xlsx,226,https://cdn.shopify.com/s/files/1/0592/2648/8986/products/FF300410C-R_30ed448c-cf31-43c1-8d47-5f314d259130.webp?v=1673369976,000225_f5fc26157e84.webp,downloaded,
compressed_air_filters_1.xlsx,223,https://cdn.shopify.com/s/files/1/0592/2648/8986/products/FF300410C-R_4b9fc708-a844-4139-b664-4a1fe49c8434.webp?v=1673369986,000222_61c8dea38a95.webp,downloaded,
compressed_air_filters_1.xlsx,227,https://cdn.shopify.com/s/files/1/0592/2648/8986/products/FF300410C-R_26d09ccf-4ede-4efe-8fd0-394e0c5e1aa3.webp?v=1673369971,000226_58b778b2d6a7.webp,downloaded,
compressed_air_filters_1.xlsx,238,https://cdn.shopify.com/s/files/1/0592/2648/8986/files/FF300326C_9fb1fadb-ca31-4153-a6d9-0edc8f8bcb07.jpg?v=1760959505,000237_28cd40107358.jpg,downloaded,
compressed_air_filters_1.xlsx,221,https://cdn.shopify.com/s/files/1/0592/2648/8986/products/FF300410C-R_9569f611-ecea-483a-a38f-aff8e5551ae2.webp?v=1673369993,000220_7ade02ff25f0.webp,downloaded,
compressed_air_filters_1.xlsx,222,https://cdn.shopify.com/s/files/1/0592/2648/8986/products/FF300410C-R_f7327dfe-b4e1-4ddf-84b7-0967f69f7cba.webp?v=1673369989,000221_68e72e07a37b.webp,downloaded,
compressed_air_filters_1.xlsx,230,https://cdn.shopify.com/s/files/1/0592/2648/8986/products/FF300410C-R.webp?v=1673369961,000229_f8061359770e.webp,downloaded,
compressed_air_filters_1.xlsx,225,https://cdn.shopify.com/s/files/1/0592/2648/8986/products/FF300410C-R_eb549a0c-8235-4154-a997-30e7e32b8c21.webp?v=1673369979,000224_c677f30a87b3.webp,downloaded,
compressed_air_filters_1.xlsx,239,https://cdn.shopify.com/s/files/1/0592/2648/8986/files/FF300326C_6ae7b944-bd4c-43ec-a90a-9b452f7e75bf.jpg?v=1760959504,000238_444fc7ffda34.jpg,downloaded,
compressed_air_filters_1.xlsx,233,https://cdn.shopify.com/s/files/1/0592/2648/8986/products/FF300406C-R_606f37a5-d4cf-4c5c-a735-2b00ccb38faa.webp?v=1673369951,000232_36bbf6f9d0a0.webp,downloaded,
compressed_air_filters_1.xlsx,232,https://cdn.shopify.com/s/files/1/0592/2648/8986/products/FF300406C-R_fc5908eb-3b6a-46a6-a4bc-05930f88ffe1.webp?v=1673369954,000231_8593b51f4f3e.webp,downloaded,
compressed_air_filters_1.xlsx,236,https://cdn.shopify.com/s/files/1/0592/2648/8986/products/FF300406C-R.webp?v=1673369940,000235_09fadf504fb1.webp,downloaded,
compressed_air_filters_1.xlsx,240,https://cdn.shopify.com/s/files/1/0592/2648/8986/files/FF300326C_4e3e75a6-8d60-496b-b435-237db4601236.jpg?v=1760959502,000239_5eba13fd2425.jpg,downloaded,
compressed_air_filters_1.xlsx,234,https://cdn.shopify.com/s/files/1/0592/2648/8986/products/FF300406C-R_6e16490f-1a4b-4ca2-a74c-b1e7b8ec8d76.webp?v=1673369946,000233_a9769bb087a5.webp,downloaded,
compressed_air_filters_1.xlsx,241,https://cdn.shopify.com/s/files/1/0592/2648/8986/files/FF300326C_6183a9be-f4a3-4b6b-a099-c6bb7a52398d.jpg?v=1760959503,000240_e7f97e32ffee.jpg,downloaded,
compressed_air_filters_1.xlsx,229,https://cdn.shopify.com/s/files/1/0592/2648/8986/products/FF300410C-R_ed262418-e932-40b4-bf6e-8cb73de4d75b.webp?v=1673369965,000228_7da94ca17100.webp,downloaded,
compressed_air_filters_1.xlsx,237,https://cdn.shopify.com/s/files/1/0592/2648/8986/files/FF300402C_e860af41-9300-4600-a3a7-867e82ba1f7d.jpg?v=1760959508,000236_e48f5ee71c75.jpg,downloaded,
compressed_air_filters_1.xlsx,242,https://cdn.shopify.com/s/files/1/0592/2648/8986/files/FF300397C_ed2cf625-4ec6-49cd-8e83-3ff23b835c16.jpg?v=1760959503,000241_eb87999a5a7e.jpg,downloaded,
compressed_air_filters_1.xlsx,243,https://cdn.shopify.com/s/files/1/0592/2648/8986/products/FF300397C-R_5123509a-52ba-437d-afa4-f59e775afe6a.webp?v=1673369917,000242_490ccdf9e206.webp,downloaded,
compressed_air_filters_1.xlsx,244,https://cdn.shopify.com/s/files/1/0592/2648/8986/products/FF300397C-R_7d8f342d-e6d6-4fad-9ba4-997274b599ff.webp?v=1673369912,000243_c947c7033150.webp,downloaded,
compressed_air_filters_1.xlsx,249,https://cdn.shopify.com/s/files/1/0592/2648/8986/files/FF300316C_ac9ab708-6df6-444f-9a10-267822734fa9.jpg?v=1760959500,000248_7898389b91f8.jpg,downloaded,
compressed_air_filters_1.xlsx,254,https://cdn.shopify.com/s/files/1/0592/2648/8986/products/FF300389C-R.webp?v=1673369870,000253_f672d82e961b.webp,downloaded,
compressed_air_filters_1.xlsx,246,https://cdn.shopify.com/s/files/1/0592/2648/8986/products/FF300397C-R.webp?v=1673369905,000245_5ef7bcda2402.webp,downloaded,
compressed_air_filters_1.xlsx,250,https://cdn.shopify.com/s/files/1/0592/2648/8986/products/FF300389C-R_c848e390-0bf0-4fd0-9c15-7d3aabe756ab.webp?v=1673369884,000249_bd7b3238ca66.webp,downloaded,
compressed_air_filters_1.xlsx,251,https://cdn.shopify.com/s/files/1/0592/2648/8986/products/FF300389C-R_cb2eea65-7cdc-4d76-82ad-83e5a9b94ea5.webp?v=1673369880,000250_0cb95ee48de7.webp,downloaded,
compressed_air_filters_1.xlsx,245,https://cdn.shopify.com/s/files/1/0592/2648/8986/products/FF300397C-R_07da7a9b-de8d-48cb-82af-5c3aa8d90a95.webp?v=1673369908,000244_05bf53418f22.webp,downloaded,
compressed_air_filters_1.xlsx,248,https://cdn.shopify.com/s/files/1/0592/2648/8986/files/FF300316C_a86fdf31-ab60-4373-8d41-17917aac4f43.jpg?v=1760959504,000247_dc04e372ca7c.jpg,downloaded,
compressed_air_filters_1.xlsx,253,https://cdn.shopify.com/s/files/1/0592/2648/8986/products/FF300389C-R_f3a6c59d-30e4-463b-80aa-4c072cbb3f63.webp?v=1673369874,000252_d5fc31a55125.webp,downloaded,
compressed_air_filters_1.xlsx,255,https://cdn.shopify.com/s/files/1/0592/2648/8986/products/FF300385C-R.webp?v=1673369866,000254_ee426d26e294.webp,downloaded,
compressed_air_filters_1.xlsx,252,https://cdn.shopify.com/s/files/1/0592/2648/8986/products/FF300389C-R_781719b0-9acb-4b62-9cd2-2748a748b1c1.webp?v=1673369876,000251_52a9d8a96e28.webp,downloaded,
compressed_air_filters_1.xlsx,247,https://cdn.shopify.com/s/files/1/0592/2648/8986/files/FF300393C_e9f9ae44-d56a-4617-8b2b-0bc9c07dca01.jpg?v=1760959503,000246_adf079b6c1cd.jpg,downloaded,
