excel_file,handle,title,image_position,original_image_url,local_file,status
argo_hytos_1.xlsx,v3-0924-08,V3 0924 08,1,https://cdn.shopify.com/s/files/1/0592/2648/8986/files/md-b314b833-d57b-4244-a592-a18df7f57c08_01fddd7f-420f-4d26-8d78-30727732a296.jpg?v=1762276726,images\v3-0924-08-1.jpg,Already exists
argo_hytos_1.xlsx,v3-0924-08,V3 0924 08,1,https://cdn.shopify.com/s/files/1/0592/2648/8986/files/MicroFit-Placeholder-600x600_37d03913-3e9c-4608-aa1a-0eb619fd29ac.png?v=1762276726,images\v3-0924-08-1.png,Already exists
argo_hytos_1.xlsx,v3-0620-58,V3 0620 58,1,https://cdn.shopify.com/s/files/1/0592/2648/8986/files/H_7020_image1_2f8d3472-ba01-4b80-8fe7-dc7cebec93ad.jpg?v=1754908304,images\v3-0620-58-1.jpg,Already exists
argo_hytos_1.xlsx,v3-0620-58,V3 0620 58,1,https://cdn.shopify.com/s/files/1/0592/2648/8986/files/Argo-Hytos_Placeholder_52b9111b-b9c3-46b8-8966-ffbb85831617.jpg?v=1748457017,images\v3-0620-58-1.jpg,Already exists
argo_hytos_1.xlsx,v3-0620-58,V3 0620 58,1,https://cdn.shopify.com/s/files/1/0592/2648/8986/products/FF200537B_19f98e01-cb17-4ca4-bbe3-c82d517bdba5.jpg?v=1748457017,images\v3-0620-58-1.jpg,Already exists
argo_hytos_1.xlsx,v3-0620-58,V3 0620 58,1,https://cdn.shopify.com/s/files/1/0592/2648/8986/files/MicroFit-Placeholder-600x600_ccd87e3d-555c-4b0d-a919-5eae61e838fb.png?v=1760631101,images\v3-0620-58-1.png,Already exists
argo_hytos_1.xlsx,v3-0620-58,V3 0620 58,1,https://cdn.shopify.com/s/files/1/0592/2648/8986/files/md-4e0d4a2d-37ee-4e49-908a-9bfd8a474eb1_17825514-bf93-489f-afd4-49978dc95f2a.jpg?v=1748457017,images\v3-0620-58-1.jpg,Already exists
argo_hytos_1.xlsx,v3-0924-08,V3 0924 08,1,https://cdn.shopify.com/s/files/1/0592/2648/8986/files/Argo-Hytos_Placeholder_447c9287-0618-42fd-a120-7720da5f12e0.jpg?v=1762276726,images\v3-0924-08-1.jpg,Already exists
argo_hytos_1.xlsx,v3-0924-08,V3 0924 08,1,https://cdn.shopify.com/s/files/1/0592/2648/8986/files/WG966_bc7c3065-a06c-427b-b00c-ec598ddf4300.jpg?v=1762276726,images\v3-0924-08-1.jpg,Already exists
argo_hytos_1.xlsx,v3-0620-58,V3 0620 58,1,https://cdn.shopify.com/s/files/1/0592/2648/8986/files/HF35364_e3d7b351-6d1e-4d68-8431-e54cef7f2889.jpg?v=1755779483,images\v3-0620-58-1.jpg,Already exists
argo_hytos_1.xlsx,v3-0620-56,V3 0620 56,1,https://cdn.shopify.com/s/files/1/0592/2648/8986/products/FF200537B_d2bf3c9f-fad0-4b7a-8b25-21c85744b0e4.jpg?v=1748457012,images\v3-0620-56-1.jpg,Already exists
argo_hytos_1.xlsx,v3-0620-56,V3 0620 56,1,https://cdn.shopify.com/s/files/1/0592/2648/8986/files/md-4e0d4a2d-37ee-4e49-908a-9bfd8a474eb1_d34d7d53-2ee3-40fa-8e9c-64e1b965c8cc.jpg?v=1748457012,images\v3-0620-56-1.jpg,Already exists
argo_hytos_1.xlsx,v3-0620-56,V3 0620 56,1,https://cdn.shopify.com/s/files/1/0592/2648/8986/files/H_7020_image1_c698ad09-269c-458e-88f3-f0268fd55dfd.jpg?v=1754908360,images\v3-0620-56-1.jpg,Already exists
argo_hytos_1.xlsx,v3-0620-56,V3 0620 56,1,https://cdn.shopify.com/s/files/1/0592/2648/8986/files/Argo-Hytos_Placeholder_e3bc68a2-1412-4321-8456-18e64e0c38c7.jpg?v=1748457012,images\v3-0620-56-1.jpg,Already exists
argo_hytos_1.xlsx,v3-0620-56,V3 0620 56,1,https://cdn.shopify.com/s/files/1/0592/2648/8986/files/MicroFit-Placeholder-600x600_9cc26931-a562-4d5f-b945-24fcf48fd755.png?v=1760631311,images\v3-0620-56-1.png,Already exists
argo_hytos_1.xlsx,v3-0510-03,V3 0510 03,1,https://cdn.shopify.com/s/files/1/0592/2648/8986/files/D810GA_ef88dea7-a0dd-45be-a501-671419ab88b9.jpg?v=1764691539,images\v3-0510-03-1.jpg,Already exists
argo_hytos_1.xlsx,v3-0510-03,V3 0510 03,1,https://cdn.shopify.com/s/files/1/0592/2648/8986/files/FF200518B_d283459d-8b5b-40ac-9526-effbaead4f64.jpg?v=1764691539,images\v3-0510-03-1.jpg,Already exists
argo_hytos_1.xlsx,v3051056,V3051056,1,https://cdn.shopify.com/s/files/1/0592/2648/8986/files/md-506c1291-6ad2-44bd-97ea-caa973a6c2e0_c3e0d61d-c707-42f1-98f1-6bafcb36d12d.jpg?v=1741360515,images\v3051056-1.jpg,Already exists
argo_hytos_1.xlsx,v3051056,V3051056,1,https://cdn.shopify.com/s/files/1/0592/2648/8986/products/FF200522B_47238411-e65d-4bec-9f18-0d20cff45475.jpg?v=1741360515,images\v3051056-1.jpg,Already exists
argo_hytos_1.xlsx,v3-0510-03,V3 0510 03,1,https://cdn.shopify.com/s/files/1/0592/2648/8986/files/Argo-Hytos_Placeholder_dfb7174b-52c1-4643-8f17-4e5440586c0f.jpg?v=1764691539,images\v3-0510-03-1.jpg,Already exists
argo_hytos_1.xlsx,v3051056,V3051056,1,https://cdn.shopify.com/s/files/1/0592/2648/8986/files/MicroFit-Placeholder-600x600_bb41ef16-8df7-4a53-b0e5-7a602f42a496.png?v=1760629094,images\v3051056-1.png,Already exists
argo_hytos_1.xlsx,v3051056,V3051056,1,https://cdn.shopify.com/s/files/1/0592/2648/8986/files/HD_5010_image1_9966f9c9-66c3-44cf-9f0c-94ce3ce73d97.jpg?v=1754907760,images\v3051056-1.jpg,Already exists
argo_hytos_1.xlsx,p3-0510-11,P3 0510 11,1,https://cdn.shopify.com/s/files/1/0592/2648/8986/files/p175101.700.700_59d6d004-fc58-4200-b4b0-9d9ef32592b4.jpg?v=1740482632,images\p3-0510-11-1.jpg,Already exists
argo_hytos_1.xlsx,p3-0620-51,P3 0620 51,1,https://cdn.shopify.com/s/files/1/0592/2648/8986/files/H_6143_image1_9cd27b5f-63d5-499d-9f90-b233a267112e.jpg?v=1755093507,images\p3-0620-51-1.jpg,Already exists
argo_hytos_1.xlsx,p3-0510-11,P3 0510 11,1,https://cdn.shopify.com/s/files/1/0592/2648/8986/files/md-4b5bba8e-b387-4e8d-898b-20c4f98caa26_60c5a561-afe3-4787-8292-37294d9b28b3.jpg?v=1740482632,images\p3-0510-11-1.jpg,Already exists
argo_hytos_1.xlsx,p3-0620-51,P3 0620 51,1,https://cdn.shopify.com/s/files/1/0592/2648/8986/files/Argo-Hytos_Placeholder_275cac09-6fbe-4bbd-bb36-823aaf1660a1.jpg?v=1755093507,images\p3-0620-51-1.jpg,Already exists
argo_hytos_1.xlsx,p3-0510-11,P3 0510 11,1,https://cdn.shopify.com/s/files/1/0592/2648/8986/files/HF35269_396b0134-2fb3-4202-a049-b47726cbeb40.jpg?v=1755779835,images\p3-0510-11-1.jpg,Already exists
argo_hytos_1.xlsx,p3-0620-51,P3 0620 51,1,https://cdn.shopify.com/s/files/1/0592/2648/8986/files/FF203618B_fb68e226-43f7-440b-8f5a-09a717e1cd40.jpg?v=1755093507,images\p3-0620-51-1.jpg,Already exists
argo_hytos_1.xlsx,p3-0620-51,P3 0620 51,1,https://cdn.shopify.com/s/files/1/0592/2648/8986/files/HF28796_d483dcd4-7350-423c-8115-2da72f1134bd.jpg?v=1755779469,images\p3-0620-51-1.jpg,Already exists
argo_hytos_1.xlsx,p3-0510-11,P3 0510 11,1,https://cdn.shopify.com/s/files/1/0592/2648/8986/products/FF200450B_53648df1-08c8-4bff-b473-d636289daf4c.jpg?v=1740482632,images\p3-0510-11-1.jpg,Already exists
argo_hytos_1.xlsx,as02501,AS02501,1,https://cdn.shopify.com/s/files/1/0592/2648/8986/files/md-ead133b0-35b1-4d4e-99bd-0ca39f12dc1e_693f0a27-fc54-4fd6-9238-49eb45e9c244.jpg?v=1762275859,images\as02501-1.jpg,Already exists
argo_hytos_1.xlsx,as02501,AS02501,1,https://cdn.shopify.com/s/files/1/0592/2648/8986/products/FF203520B_0993cfba-9c06-4c01-ae89-ab374ffff300.jpg?v=1762275859,images\as02501-1.jpg,Already exists
argo_hytos_1.xlsx,s3062300,S3062300,1,https://cdn.shopify.com/s/files/1/0592/2648/8986/files/D821GA_e5a7e1ef-5b58-485c-badd-0659c348353c.jpg?v=1755097403,images\s3062300-1.jpg,Already exists
argo_hytos_1.xlsx,as02501,AS02501,1,https://cdn.shopify.com/s/files/1/0592/2648/8986/files/0025_s_125_w_n165585_i2372437_7728e68b-bf8c-4d88-84d9-771ed139f2a9.jpg?v=1762275859,images\as02501-1.jpg,Already exists
argo_hytos_1.xlsx,s3062300,S3062300,1,https://cdn.shopify.com/s/files/1/0592/2648/8986/files/md-59a9f7a5-bd55-4f68-8493-977ef15e8279_346196ac-71a2-459e-965f-ded7f503271c.jpg?v=1755097403,images\s3062300-1.jpg,Already exists
argo_hytos_1.xlsx,s3062300,S3062300,1,https://cdn.shopify.com/s/files/1/0592/2648/8986/files/MicroFit-Placeholder-600x600_3167e304-3637-4b61-9388-8350a3db58a8.png?v=1760637129,images\s3062300-1.png,Already exists
argo_hytos_1.xlsx,as02501,AS02501,1,https://cdn.shopify.com/s/files/1/0592/2648/8986/files/Argo-Hytos_Placeholder_6128d68d-b7fe-4cd1-94a4-bb2afae3d87c.jpg?v=1762275859,images\as02501-1.jpg,Already exists
argo_hytos_1.xlsx,v3071308,V3071308,1,https://cdn.shopify.com/s/files/1/0592/2648/8986/files/HD_7009_image1_34f0b1e4-9e23-4822-a8c8-71d5353cbddd.jpg?v=1755097395,images\v3071308-1.jpg,Already exists
argo_hytos_1.xlsx,v3071308,V3071308,1,https://cdn.shopify.com/s/files/1/0592/2648/8986/files/placeholder_9631b70b-a3f6-4101-adcd-1b945b3ee53e.png?v=1755097395,images\v3071308-1.png,Already exists
argo_hytos_1.xlsx,v3071308,V3071308,1,https://cdn.shopify.com/s/files/1/0592/2648/8986/files/md-613f0498-dd97-45c8-8be4-9c802fdbb512_7f7ed1ff-15c0-4358-9b95-e1cbfbb6c626.jpg?v=1755097395,images\v3071308-1.jpg,Already exists
argo_hytos_1.xlsx,v3071308,V3071308,1,https://cdn.shopify.com/s/files/1/0592/2648/8986/files/HF35500_6daf2827-68f7-41c7-a10f-de20db858206.jpg?v=1755780247,images\v3071308-1.jpg,Already exists
argo_hytos_1.xlsx,v3071308,V3071308,1,https://cdn.shopify.com/s/files/1/0592/2648/8986/files/MicroFit-Placeholder-600x600_0c65a3cc-c945-4b6b-a326-dd3ef9fc10c2.png?v=1760637116,images\v3071308-1.png,Already exists
argo_hytos_1.xlsx,p2072301,P2072301,1,https://cdn.shopify.com/s/files/1/0592/2648/8986/files/R6100C_79682701-cac2-447f-afbc-3b37995d00c0.jpg?v=1739391192,images\p2072301-1.jpg,Already exists
argo_hytos_1.xlsx,p2072301,P2072301,1,https://cdn.shopify.com/s/files/1/0592/2648/8986/files/HF35262_59fdf622-6424-40ef-b6e8-d46cf5891f5c.jpg?v=1755780246,images\p2072301-1.jpg,Already exists
argo_hytos_1.xlsx,s3081700,S3081700,1,https://cdn.shopify.com/s/files/1/0592/2648/8986/files/FF200227B-NB_9c22fa18-f3f1-4ae5-9cae-2ce1fb9fe490.jpg?v=1755097374,images\s3081700-1.jpg,Already exists
argo_hytos_1.xlsx,s3081700,S3081700,1,https://cdn.shopify.com/s/files/1/0592/2648/8986/files/p185407.700.700_208ebb1c-789f-4fe3-b088-e4fad80b3a65.jpg?v=1755097374,images\s3081700-1.jpg,Already exists
argo_hytos_1.xlsx,s3081700,S3081700,1,https://cdn.shopify.com/s/files/1/0592/2648/8986/files/md-2d9033b0-09fd-4fca-911f-e02ddaf7b822_0ac8bc4f-d1fa-4146-b56d-3c6a3da6f3a4.jpg?v=1755097374,images\s3081700-1.jpg,Already exists
argo_hytos_1.xlsx,s2061315,S2061315,1,https://cdn.shopify.com/s/files/1/0592/2648/8986/files/FF200477B_9d13412f-7d83-4fbb-b9d9-fb0e5bb947a1.jpg?v=1705675962,images\s2061315-1.jpg,Already exists
argo_hytos_1.xlsx,s3081700,S3081700,1,https://cdn.shopify.com/s/files/1/0592/2648/8986/files/HD_8007_image1.jpg?v=1755097374,images\s3081700-1.jpg,Already exists
argo_hytos_1.xlsx,s3081700,S3081700,1,https://cdn.shopify.com/s/files/1/0592/2648/8986/files/D151A_8f424f52-ebf6-436b-bb35-78711b6619b3.jpg?v=1755097374,images\s3081700-1.jpg,Already exists
argo_hytos_1.xlsx,s2061315,S2061315,1,https://cdn.shopify.com/s/files/1/0592/2648/8986/files/MicroFit-Placeholder-600x600_f5c36f2e-c6ca-48b9-9525-bd5551e33d1a.png?v=1760636989,images\s2061315-1.png,Already exists
argo_hytos_1.xlsx,v3052056,V3052056,1,https://cdn.shopify.com/s/files/1/0592/2648/8986/files/md-ca9a85df-b43d-48aa-974a-15c0bd7d9763_cb0bf957-9f46-4c26-9826-3adc885f6159.jpg?v=1740484239,images\v3052056-1.jpg,Already exists
argo_hytos_1.xlsx,v3052056,V3052056,1,https://cdn.shopify.com/s/files/1/0592/2648/8986/files/FF200530B_d57a3ea5-3ce1-48fb-b69d-45fc323ecd0a.jpg?v=1740484239,images\v3052056-1.jpg,Already exists
argo_hytos_1.xlsx,v3052056,V3052056,1,https://cdn.shopify.com/s/files/1/0592/2648/8986/files/MicroFit-Placeholder-600x600_5e02dfcd-892c-4448-9401-dc59115c2f8e.png?v=1760632853,images\v3052056-1.png,Already exists
argo_hytos_1.xlsx,p3-0613-52,P3 0613 52,1,https://cdn.shopify.com/s/files/1/0592/2648/8986/files/FF200250B_b769af71-8224-4e07-97cb-4e1460294370.jpg?v=1741362201,images\p3-0613-52-1.jpg,Already exists
argo_hytos_1.xlsx,p3-0613-52,P3 0613 52,1,https://cdn.shopify.com/s/files/1/0592/2648/8986/files/HF35194_80394092-851b-4e86-8d2f-b2c9aeb2a9b0.jpg?v=1755779720,images\p3-0613-52-1.jpg,Already exists
argo_hytos_1.xlsx,p3-0613-51,P3 0613 51,1,https://cdn.shopify.com/s/files/1/0592/2648/8986/files/md-266316ca-fd47-4252-aa94-f817148de9d5_a7e5358a-4723-463b-b42b-ab66a75cc741.jpg?v=1762276124,images\p3-0613-51-1.jpg,Already exists
argo_hytos_1.xlsx,p3-0613-52,P3 0613 52,1,https://cdn.shopify.com/s/files/1/0592/2648/8986/files/md-01fe9770-b622-457f-831c-4fa1cb6b7df1_8ee6f7c5-c0bb-416a-86bb-4e68d8e03365.jpg?v=1761655509,images\p3-0613-52-1.jpg,Already exists
argo_hytos_1.xlsx,v3-0520-13,V3 0520 13,1,https://cdn.shopify.com/s/files/1/0592/2648/8986/files/FF200526B_dd6dd503-b57d-4494-83a9-c64a8f5506ff.jpg?v=1755093694,images\v3-0520-13-1.jpg,Already exists
argo_hytos_1.xlsx,p3-0613-51,P3 0613 51,1,https://cdn.shopify.com/s/files/1/0592/2648/8986/files/FF200250B_5bde2d00-ab2c-41e7-9f11-6d474afa6998.jpg?v=1762276124,images\p3-0613-51-1.jpg,Already exists
argo_hytos_1.xlsx,p3-0613-51,P3 0613 51,1,https://cdn.shopify.com/s/files/1/0592/2648/8986/files/Argo-Hytos_Placeholder_6d6f73fc-048e-4b74-934a-45f9c2b8cbdc.jpg?v=1762276124,images\p3-0613-51-1.jpg,Already exists
argo_hytos_1.xlsx,v3-0520-13,V3 0520 13,1,https://cdn.shopify.com/s/files/1/0592/2648/8986/files/MicroFit-Placeholder-600x600_bb0d9382-a456-4064-96bc-d837a664c467.png?v=1760631217,images\v3-0520-13-1.png,Already exists
argo_hytos_1.xlsx,v3-0520-13,V3 0520 13,1,https://cdn.shopify.com/s/files/1/0592/2648/8986/files/md-51fd3622-5f81-44f8-9be2-e1cc6908339e_2f408a90-f044-495f-93dd-5d909e3629e2.jpg?v=1755093694,images\v3-0520-13-1.jpg,Already exists
argo_hytos_1.xlsx,v3082306,V3082306,1,https://cdn.shopify.com/s/files/1/0592/2648/8986/files/md-25e1e14e-1253-4b7d-8f55-b834634e08c6_315703ab-68b2-4993-a47b-ee1514d49fe8.jpg?v=1755092234,images\v3082306-1.jpg,Already exists
argo_hytos_1.xlsx,v3082306,V3082306,1,https://cdn.shopify.com/s/files/1/0592/2648/8986/files/D151A_0f77001c-c527-4fe9-8212-be7f59f1886f.jpg?v=1755092234,images\v3082306-1.jpg,Already exists
argo_hytos_1.xlsx,v3082306,V3082306,1,https://cdn.shopify.com/s/files/1/0592/2648/8986/files/FF200199B-NB_7814c286-ae19-436f-bec4-cd0b1b0fc70c.jpg?v=1755092234,images\v3082306-1.jpg,Already exists
argo_hytos_1.xlsx,p3052051,P3052051,1,https://cdn.shopify.com/s/files/1/0592/2648/8986/files/md-22ac6244-b10c-4282-b3d7-c830a6d3cded_5795360e-f5bd-40bb-acd7-f25855773fc6.jpg?v=1740482629,images\p3052051-1.jpg,Already exists
argo_hytos_1.xlsx,p3052051,P3052051,1,https://cdn.shopify.com/s/files/1/0592/2648/8986/files/HF35310_6f140cb7-4797-4114-a4c9-6076aab8efc2.jpg?v=1755779108,images\p3052051-1.jpg,Already exists
argo_hytos_1.xlsx,p3052051,P3052051,1,https://cdn.shopify.com/s/files/1/0592/2648/8986/files/FF200530B_0131f725-9a2a-42b7-a8e2-90c3edab017c.jpg?v=1740482629,images\p3052051-1.jpg,Already exists
argo_hytos_1.xlsx,p3051000,P3051000,1,https://cdn.shopify.com/s/files/1/0592/2648/8986/files/md-cfbc580f-030a-4e5a-9d41-955ec015cb66_3a32e4ab-f3d2-4cc3-bd96-6e7bf5ec9586.jpg?v=1741357224,images\p3051000-1.jpg,Already exists
argo_hytos_1.xlsx,p3051000,P3051000,1,https://cdn.shopify.com/s/files/1/0592/2648/8986/products/FF200450B_dccdfe2a-0a85-497f-8f48-cc3f0d9e446d.jpg?v=1741357224,images\p3051000-1.jpg,Already exists
argo_hytos_1.xlsx,p3051000,P3051000,1,https://cdn.shopify.com/s/files/1/0592/2648/8986/files/HF35260_798a5c4e-cbf7-49c4-a9f4-078684a17932.jpg?v=1755778452,images\p3051000-1.jpg,Already exists
argo_hytos_1.xlsx,p2121721,P2121721,1,https://cdn.shopify.com/s/files/1/0592/2648/8986/files/FF200516B_e00604c7-60ee-4742-b628-76f57dc76e50.jpg?v=1741357218,images\p2121721-1.jpg,Already exists
argo_hytos_1.xlsx,p2121721,P2121721,1,https://cdn.shopify.com/s/files/1/0592/2648/8986/files/md-fc95bef6-3425-4ae4-8e98-f17dd96b2d97_f05dcbf8-c796-40a5-be9c-5af68a431f3c.jpg?v=1741357218,images\p2121721-1.jpg,Already exists
argo_hytos_1.xlsx,p2121721,P2121721,1,https://cdn.shopify.com/s/files/1/0592/2648/8986/files/p173485.700.700_0a19ee7a-74fd-4195-961e-84979e1d9e2d.jpg?v=1741357218,images\p2121721-1.jpg,Already exists
argo_hytos_1.xlsx,p2121721,P2121721,1,https://cdn.shopify.com/s/files/1/0592/2648/8986/files/H_12901_image1_cea65e28-4ec8-4988-9ce1-61eba276fa98.jpg?v=1754907758,images\p2121721-1.jpg,Already exists
argo_hytos_1.xlsx,p2121721,P2121721,1,https://cdn.shopify.com/s/files/1/0592/2648/8986/files/HF6325_8fd28373-b80d-477b-9ee8-4f80dc1c431e.jpg?v=1755778468,images\p2121721-1.jpg,Already exists
argo_hytos_1.xlsx,v3051006,V3051006,1,https://cdn.shopify.com/s/files/1/0592/2648/8986/files/FF200518B_838565b2-280c-4b79-90a0-cef0bdbd25d1.jpg?v=1764690620,images\v3051006-1.jpg,Already exists
argo_hytos_1.xlsx,v3051006,V3051006,1,https://cdn.shopify.com/s/files/1/0592/2648/8986/files/md-7df01eea-bc2d-4219-a529-9e54a4856f9a_74a27f13-8f43-4c8a-82a6-1c67f1493279.jpg?v=1764690620,images\v3051006-1.jpg,Already exists
argo_hytos_1.xlsx,v3051006,V3051006,1,https://cdn.shopify.com/s/files/1/0592/2648/8986/files/D810GA_c2c4698f-712a-40eb-bfeb-8ae86867fa15.jpg?v=1764690620,images\v3051006-1.jpg,Already exists
argo_hytos_1.xlsx,p2125011,P2125011,1,https://cdn.shopify.com/s/files/1/0592/2648/8986/files/FF212672B_2fd9965b-b731-4a94-b16a-be0a24d1da60.jpg?v=1741365303,images\p2125011-1.jpg,Already exists
argo_hytos_1.xlsx,p2126041,P2126041,1,https://cdn.shopify.com/s/files/1/0592/2648/8986/files/FF212672B_665d4fda-70b8-474d-943a-c9df34684a52.jpg?v=1709692148,images\p2126041-1.jpg,Already exists
argo_hytos_1.xlsx,p2125011,P2125011,1,https://cdn.shopify.com/s/files/1/0592/2648/8986/files/HiFi-No-Img-800x800_e3a9efb7-af77-4b80-b73b-60b8aa7cc078.jpg?v=1764763666,images\p2125011-1.jpg,Already exists
argo_hytos_1.xlsx,p2123441,P2123441,1,https://cdn.shopify.com/s/files/1/0592/2648/8986/files/md-21c65bc0-000f-4956-ad6b-39668a6564f8_01e35313-9383-4cc2-a1b7-806b9ef535a8.jpg?v=1755099734,images\p2123441-1.jpg,Already exists
argo_hytos_1.xlsx,p2123441,P2123441,1,https://cdn.shopify.com/s/files/1/0592/2648/8986/files/FF212672B_fdeab3e6-8945-418c-a745-768b755722bc.jpg?v=1755099734,images\p2123441-1.jpg,Already exists
argo_hytos_1.xlsx,p2121751,P2121751,1,https://cdn.shopify.com/s/files/1/0592/2648/8986/files/FF200516B_4017169e-2b3b-49a1-be1b-5407fbf9d73f.jpg?v=1718123014,images\p2121751-1.jpg,Already exists
argo_hytos_1.xlsx,p2112304k4,P2112304K4,1,https://cdn.shopify.com/s/files/1/0592/2648/8986/files/placeholder_5ab3a697-acbd-4214-8264-884c60720047.png?v=1739391202,images\p2112304k4-1.png,Already exists
argo_hytos_1.xlsx,p2102312k2,P2102312K2,1,https://cdn.shopify.com/s/files/1/0592/2648/8986/files/md-7ed2914d-25d8-4f3e-9632-2ea7cf19119c_d1ef1502-8a52-4932-baf7-1b7937cb68a5.jpg?v=1740482617,images\p2102312k2-1.jpg,Already exists
argo_hytos_1.xlsx,p2102312k3,P2102312K3,1,https://cdn.shopify.com/s/files/1/0592/2648/8986/files/md-7ed2914d-25d8-4f3e-9632-2ea7cf19119c_eb8ffdfb-68a4-438b-8d77-f172989e6482.jpg?v=1740482622,images\p2102312k3-1.jpg,Already exists
argo_hytos_1.xlsx,p2102312k2,P2102312K2,1,https://cdn.shopify.com/s/files/1/0592/2648/8986/files/placeholder_5457b2af-b2b6-454c-b44f-df0580da9336.png?v=1740482617,images\p2102312k2-1.png,Already exists
argo_hytos_1.xlsx,p2102312k,P2102312K,1,https://cdn.shopify.com/s/files/1/0592/2648/8986/files/md-7ed2914d-25d8-4f3e-9632-2ea7cf19119c_8e80a2c5-f5fd-4cfd-8133-f37e48902529.jpg?v=1755099732,images\p2102312k-1.jpg,Already exists
argo_hytos_1.xlsx,p2102312k3,P2102312K3,1,https://cdn.shopify.com/s/files/1/0592/2648/8986/files/placeholder_98403435-3b36-43e7-ba8d-d7c421354064.png?v=1740482622,images\p2102312k3-1.png,Already exists
argo_hytos_1.xlsx,p2102312k,P2102312K,1,https://cdn.shopify.com/s/files/1/0592/2648/8986/files/H_10592_image1_d1f31751-4756-44f5-bd8a-b816d163d54d.jpg?v=1755099732,images\p2102312k-1.jpg,Already exists
argo_hytos_1.xlsx,p2102312k,P2102312K,1,https://cdn.shopify.com/s/files/1/0592/2648/8986/files/placeholder_434f78c2-0d4e-4381-b7f2-4e7ece876ba0.png?v=1755099732,images\p2102312k-1.png,Already exists
argo_hytos_1.xlsx,p2102312k1,P2102312K1,1,https://cdn.shopify.com/s/files/1/0592/2648/8986/files/md-7ed2914d-25d8-4f3e-9632-2ea7cf19119c_9be8642a-0b1f-42c6-a8bb-500afea4d70e.jpg?v=1740482624,images\p2102312k1-1.jpg,Already exists
argo_hytos_1.xlsx,p2102312k1,P2102312K1,1,https://cdn.shopify.com/s/files/1/0592/2648/8986/files/placeholder_a06810b3-13da-4a4f-aed4-dbba0b561bad.png?v=1740482624,images\p2102312k1-1.png,Already exists
argo_hytos_1.xlsx,p2112304k2,P2112304K2,1,https://cdn.shopify.com/s/files/1/0592/2648/8986/files/placeholder_470a511c-e2a2-4348-b2d7-6b97dd3f11b4.png?v=1739391200,images\p2112304k2-1.png,Already exists
argo_hytos_1.xlsx,p2112304k3,P2112304K3,1,https://cdn.shopify.com/s/files/1/0592/2648/8986/files/placeholder_21c26567-b6ba-4100-a5f1-83a9afdcee38.png?v=1739391202,images\p2112304k3-1.png,Already exists
argo_hytos_1.xlsx,p2112304k1,P2112304K1,1,https://cdn.shopify.com/s/files/1/0592/2648/8986/files/placeholder_5c560637-bcd8-49ef-bdef-38a55161d7fc.png?v=1739391200,images\p2112304k1-1.png,Already exists
argo_hytos_1.xlsx,p2112304k,P2112304K,1,https://cdn.shopify.com/s/files/1/0592/2648/8986/files/placeholder_2ce8ea36-9b70-4f54-9f4f-0eaa913030f5.png?v=1739391199,images\p2112304k-1.png,Already exists
argo_hytos_1.xlsx,p2103001k4,P2103001K4,1,https://cdn.shopify.com/s/files/1/0592/2648/8986/files/placeholder_51bf7651-8148-4360-aea3-29205622d991.png?v=1740482622,images\p2103001k4-1.png,Already exists
argo_hytos_1.xlsx,p2103001k4,P2103001K4,1,https://cdn.shopify.com/s/files/1/0592/2648/8986/files/md-5242e90e-88ab-4040-a9ae-d37da12b0f11_0f1d2a12-b526-438b-8e66-99aee1c419d9.jpg?v=1740482622,images\p2103001k4-1.jpg,Already exists
argo_hytos_1.xlsx,p2103001k2,P2103001K2,1,https://cdn.shopify.com/s/files/1/0592/2648/8986/files/md-5242e90e-88ab-4040-a9ae-d37da12b0f11_bbc65c1f-28b4-44f3-900a-6856a32f5723.jpg?v=1740482623,images\p2103001k2-1.jpg,Already exists
argo_hytos_1.xlsx,p2103001k3,P2103001K3,1,https://cdn.shopify.com/s/files/1/0592/2648/8986/files/md-5242e90e-88ab-4040-a9ae-d37da12b0f11_c96a04ff-8d33-42e5-9edc-40a427ad9063.jpg?v=1740482619,images\p2103001k3-1.jpg,Already exists
argo_hytos_1.xlsx,p2103001k2,P2103001K2,1,https://cdn.shopify.com/s/files/1/0592/2648/8986/files/placeholder_f705fc4f-c5ab-4503-9023-8832434dff8a.png?v=1740482623,images\p2103001k2-1.png,Already exists
argo_hytos_1.xlsx,p2103001k1,P2103001K1,1,https://cdn.shopify.com/s/files/1/0592/2648/8986/files/md-5242e90e-88ab-4040-a9ae-d37da12b0f11_413d11f9-a66e-4323-b489-7810e96a72e6.jpg?v=1740482625,images\p2103001k1-1.jpg,Already exists
argo_hytos_1.xlsx,p2103001k3,P2103001K3,1,https://cdn.shopify.com/s/files/1/0592/2648/8986/files/placeholder_85fdde0d-8c57-4722-9bf4-b818a25963c7.png?v=1740482619,images\p2103001k3-1.png,Already exists
argo_hytos_1.xlsx,p2103001k1,P2103001K1,1,https://cdn.shopify.com/s/files/1/0592/2648/8986/files/placeholder_981c25cc-7aa5-49dc-9a93-68af29a5b58d.png?v=1740482625,images\p2103001k1-1.png,Already exists
argo_hytos_1.xlsx,p2103001k,P2103001K,1,https://cdn.shopify.com/s/files/1/0592/2648/8986/files/md-5242e90e-88ab-4040-a9ae-d37da12b0f11_ca1bd6d3-c15c-4ff8-bf24-b967b455c239.jpg?v=1740482621,images\p2103001k-1.jpg,Already exists
argo_hytos_1.xlsx,p2103001k,P2103001K,1,https://cdn.shopify.com/s/files/1/0592/2648/8986/files/placeholder_b42a3557-4f06-48f0-a718-8e8d73cb047c.png?v=1740482621,images\p2103001k-1.png,Already exists
argo_hytos_1.xlsx,p2102312k4,P2102312K4,1,https://cdn.shopify.com/s/files/1/0592/2648/8986/files/md-7ed2914d-25d8-4f3e-9632-2ea7cf19119c_f37b0ebc-15b9-4007-bb17-aea111ef6515.jpg?v=1740482623,images\p2102312k4-1.jpg,Already exists
argo_hytos_1.xlsx,s2123400,S2123400,1,https://cdn.shopify.com/s/files/1/0592/2648/8986/files/FF212672B_1e7186af-f6ef-4fc2-a92f-976547b18967.jpg?v=1755099727,images\s2123400-1.jpg,Already exists
argo_hytos_1.xlsx,p2102312k4,P2102312K4,1,https://cdn.shopify.com/s/files/1/0592/2648/8986/files/placeholder_a337eb06-c49e-42c5-a879-4baec086f96d.png?v=1740482623,images\p2102312k4-1.png,Already exists
argo_hytos_1.xlsx,s2123400,S2123400,1,https://cdn.shopify.com/s/files/1/0592/2648/8986/files/md-fe39a6dd-f4cd-4206-af9c-f7b622034594_b2034eb2-4e97-4d01-a0a5-426857b1e773.jpg?v=1755099727,images\s2123400-1.jpg,Already exists
argo_hytos_1.xlsx,s2112401k4,S2112401K4,1,https://cdn.shopify.com/s/files/1/0592/2648/8986/files/md-e82c5cb9-d25f-46de-b807-70b1483a6d59_3a9cb680-2495-498d-9bf8-5e1d87d9a44c.jpg?v=1761218423,images\s2112401k4-1.jpg,Already exists
argo_hytos_1.xlsx,s2112401k4,S2112401K4,1,https://cdn.shopify.com/s/files/1/0592/2648/8986/files/placeholder_b4a82807-6933-4c39-a35c-eec5e9e92f21.png?v=1761218423,images\s2112401k4-1.png,Already exists
argo_hytos_1.xlsx,s2112401k4,S2112401K4,1,https://cdn.shopify.com/s/files/1/0592/2648/8986/files/MicroFit-Placeholder-600x600_768c18a7-401b-4d8b-a3bb-e26cba64d6e9.png?v=1761218423,images\s2112401k4-1.png,Already exists
argo_hytos_1.xlsx,s2112401k3,S2112401K3,1,https://cdn.shopify.com/s/files/1/0592/2648/8986/files/md-e82c5cb9-d25f-46de-b807-70b1483a6d59_8e2410cd-ea6b-4deb-9307-198715ad51d5.jpg?v=1761218424,images\s2112401k3-1.jpg,Already exists
argo_hytos_1.xlsx,s2112401k3,S2112401K3,1,https://cdn.shopify.com/s/files/1/0592/2648/8986/files/placeholder_233f7126-0c67-4f8d-87be-9ea103c2c91c.png?v=1761218424,images\s2112401k3-1.png,Already exists
argo_hytos_1.xlsx,s2112401k3,S2112401K3,1,https://cdn.shopify.com/s/files/1/0592/2648/8986/files/MicroFit-Placeholder-600x600_6369cddf-29f0-4b23-b96e-41e41872d49e.png?v=1761218424,images\s2112401k3-1.png,Already exists
argo_hytos_1.xlsx,s2112401k2,S2112401K2,1,https://cdn.shopify.com/s/files/1/0592/2648/8986/files/md-e82c5cb9-d25f-46de-b807-70b1483a6d59_fcea147a-1175-400b-ba2e-817eb3a86259.jpg?v=1761218423,images\s2112401k2-1.jpg,Already exists
argo_hytos_1.xlsx,s2112401k2,S2112401K2,1,https://cdn.shopify.com/s/files/1/0592/2648/8986/files/placeholder_a71258df-d58e-4512-9171-19a77587b9bb.png?v=1761218423,images\s2112401k2-1.png,Already exists
argo_hytos_1.xlsx,s2112401k2,S2112401K2,1,https://cdn.shopify.com/s/files/1/0592/2648/8986/files/MicroFit-Placeholder-600x600_7b5ce551-c0c0-4126-b93a-c6146a97cf88.png?v=1761218423,images\s2112401k2-1.png,Already exists
argo_hytos_1.xlsx,s2112401k1,S2112401K1,1,https://cdn.shopify.com/s/files/1/0592/2648/8986/files/md-e82c5cb9-d25f-46de-b807-70b1483a6d59_4becb705-e7ed-421b-a182-929e3055c5a5.jpg?v=1761218422,images\s2112401k1-1.jpg,Already exists
argo_hytos_1.xlsx,s2112401k1,S2112401K1,1,https://cdn.shopify.com/s/files/1/0592/2648/8986/files/placeholder_9483e409-e65a-49c3-878b-c64c93de6148.png?v=1761218422,images\s2112401k1-1.png,Already exists
argo_hytos_1.xlsx,s2112401k,S2112401K,1,https://cdn.shopify.com/s/files/1/0592/2648/8986/files/placeholder_125182dc-cf0d-4025-9d26-47f259eed03d.png?v=1761218423,images\s2112401k-1.png,Already exists
argo_hytos_1.xlsx,s2112401k,S2112401K,1,https://cdn.shopify.com/s/files/1/0592/2648/8986/files/MicroFit-Placeholder-600x600_6949fc25-8bc6-466e-9dc6-48c647a33896.png?v=1761218423,images\s2112401k-1.png,Already exists
argo_hytos_1.xlsx,s2112401k,S2112401K,1,https://cdn.shopify.com/s/files/1/0592/2648/8986/files/md-e82c5cb9-d25f-46de-b807-70b1483a6d59_1a96cb0d-6977-40e8-a025-017661dcc37d.jpg?v=1761218423,images\s2112401k-1.jpg,Already exists
argo_hytos_1.xlsx,s2103301k4,S2103301K4,1,https://cdn.shopify.com/s/files/1/0592/2648/8986/files/S540_df6d2c43-f396-43bd-988b-59ea1db32a36.jpg?v=1741365305,images\s2103301k4-1.jpg,Already exists
argo_hytos_1.xlsx,s2112401k1,S2112401K1,1,https://cdn.shopify.com/s/files/1/0592/2648/8986/files/MicroFit-Placeholder-600x600_cb3b7198-ffe6-4eb8-97c2-0ca9677f7bc8.png?v=1761218422,images\s2112401k1-1.png,Already exists
argo_hytos_1.xlsx,s2103301k4,S2103301K4,1,https://cdn.shopify.com/s/files/1/0592/2648/8986/files/md-a4bdd72b-b71d-4d37-96f6-3880616d7ee5_ff4c311e-cf62-4a26-be8d-b265fe7a5469.jpg?v=1741365305,images\s2103301k4-1.jpg,Already exists
argo_hytos_1.xlsx,s2103301k3,S2103301K3,1,https://cdn.shopify.com/s/files/1/0592/2648/8986/files/MicroFit-Placeholder-600x600_451fd514-96d6-4058-9a8c-efd330bb3f73.png?v=1760640402,images\s2103301k3-1.png,Already exists
argo_hytos_1.xlsx,s2103301k3,S2103301K3,1,https://cdn.shopify.com/s/files/1/0592/2648/8986/files/md-a4bdd72b-b71d-4d37-96f6-3880616d7ee5_cc02de1b-f077-4eb3-a8ee-62365d5392a6.jpg?v=1741365304,images\s2103301k3-1.jpg,Already exists
argo_hytos_1.xlsx,s2103301k3,S2103301K3,1,https://cdn.shopify.com/s/files/1/0592/2648/8986/files/S540_519dc3cb-e12a-4bd0-b1a4-4893b97396f3.jpg?v=1741365304,images\s2103301k3-1.jpg,Already exists
argo_hytos_1.xlsx,s2103301k4,S2103301K4,1,https://cdn.shopify.com/s/files/1/0592/2648/8986/files/MicroFit-Placeholder-600x600_20bec0f6-e10d-4141-939b-e8af26952dc9.png?v=1760640398,images\s2103301k4-1.png,Already exists
argo_hytos_1.xlsx,s2103301k2,S2103301K2,1,https://cdn.shopify.com/s/files/1/0592/2648/8986/files/md-a4bdd72b-b71d-4d37-96f6-3880616d7ee5_463e04a3-54f1-4bf1-94be-2f08d84ddaaa.jpg?v=1741365302,images\s2103301k2-1.jpg,Already exists
argo_hytos_1.xlsx,s2103301k2,S2103301K2,1,https://cdn.shopify.com/s/files/1/0592/2648/8986/files/S540_f0d2433a-3290-40c9-b00d-da3a4cb6828d.jpg?v=1741365302,images\s2103301k2-1.jpg,Already exists
argo_hytos_1.xlsx,s2103301k2,S2103301K2,1,https://cdn.shopify.com/s/files/1/0592/2648/8986/files/MicroFit-Placeholder-600x600_4f55f727-b88c-4b18-8de6-0973f652e718.png?v=1760640399,images\s2103301k2-1.png,Already exists
argo_hytos_1.xlsx,s2103301k1,S2103301K1,1,https://cdn.shopify.com/s/files/1/0592/2648/8986/files/md-a4bdd72b-b71d-4d37-96f6-3880616d7ee5_11f7bdf8-3d0c-4037-89e6-2a5f91f49216.jpg?v=1741365304,images\s2103301k1-1.jpg,Already exists
argo_hytos_1.xlsx,s2103301k1,S2103301K1,1,https://cdn.shopify.com/s/files/1/0592/2648/8986/files/S540_5edc0bc9-e87b-4376-8e22-4ee90ce99217.jpg?v=1741365304,images\s2103301k1-1.jpg,Already exists
argo_hytos_1.xlsx,s2103301k1,S2103301K1,1,https://cdn.shopify.com/s/files/1/0592/2648/8986/files/MicroFit-Placeholder-600x600_fb1c23ea-dddb-436c-8350-47d54ad032ba.png?v=1760640401,images\s2103301k1-1.png,Already exists
argo_hytos_1.xlsx,s2103301k,S2103301K,1,https://cdn.shopify.com/s/files/1/0592/2648/8986/files/md-a4bdd72b-b71d-4d37-96f6-3880616d7ee5_dc62b13b-40cd-4f70-9999-24cb6e7b13f5.jpg?v=1741365306,images\s2103301k-1.jpg,Already exists
argo_hytos_1.xlsx,s2103301k,S2103301K,1,https://cdn.shopify.com/s/files/1/0592/2648/8986/files/S540_2237500a-824b-4502-aab9-b80420e2c157.jpg?v=1741365306,images\s2103301k-1.jpg,Already exists
argo_hytos_1.xlsx,v2146028,V2146028,1,https://cdn.shopify.com/s/files/1/0592/2648/8986/files/md-fd7c93db-b7ba-4a56-afc5-c498123b110e_0cfd26a5-993e-4894-ad26-9bfb7b8b3f2a.jpg?v=1761218683,images\v2146028-1.jpg,Already exists
argo_hytos_1.xlsx,v2146023,V2146023,1,https://cdn.shopify.com/s/files/1/0592/2648/8986/files/HiFi-No-Img-800x800_e21c1e85-2d0f-49bb-a30d-c17f83a109e6.jpg?v=1766018030,images\v2146023-1.jpg,Already exists
argo_hytos_1.xlsx,s2103301k,S2103301K,1,https://cdn.shopify.com/s/files/1/0592/2648/8986/files/MicroFit-Placeholder-600x600_aadbbb84-a37d-4356-8315-599e9ae5d03b.png?v=1760640400,images\s2103301k-1.png,Already exists
argo_hytos_1.xlsx,v2146028,V2146028,1,https://cdn.shopify.com/s/files/1/0592/2648/8986/files/R660G_9cbb4f98-4635-4347-aa17-32aa9b10eb25.jpg?v=1761218683,images\v2146028-1.jpg,Already exists
argo_hytos_1.xlsx,v2146023,V2146023,1,https://cdn.shopify.com/s/files/1/0592/2648/8986/files/R660G_088dc462-1e28-44b8-bce5-8a9508b27139.jpg?v=1766018030,images\v2146023-1.jpg,Already exists
argo_hytos_1.xlsx,v2144028,V2144028,1,https://cdn.shopify.com/s/files/1/0592/2648/8986/files/md-1ada3997-b9ae-4f41-b3bd-84b26f80f7d9_313f96aa-0097-4451-b52c-4912da245730.jpg?v=1761218635,images\v2144028-1.jpg,Already exists
argo_hytos_1.xlsx,v2144028,V2144028,1,https://cdn.shopify.com/s/files/1/0592/2648/8986/files/R660G_57b36272-e5c9-4dcd-a8d6-bbd5a3deb46e.jpg?v=1761218635,images\v2144028-1.jpg,Already exists
argo_hytos_1.xlsx,v2144026,V2144026,1,https://cdn.shopify.com/s/files/1/0592/2648/8986/files/R660G_3ac37a38-acc1-4067-801a-d6a1b46cd76f.jpg?v=1739396920,images\v2144026-1.jpg,Already exists
argo_hytos_1.xlsx,v2144023,V2144023,1,https://cdn.shopify.com/s/files/1/0592/2648/8986/files/R660G_0023833c-85b7-4f65-a000-b96f3bcc92f1.jpg?v=1739396917,images\v2144023-1.jpg,Already exists
argo_hytos_1.xlsx,v2142528,V2142528,1,https://cdn.shopify.com/s/files/1/0592/2648/8986/files/R660G_b069b932-c663-40ea-a424-2a7513ac636f.jpg?v=1739396913,images\v2142528-1.jpg,Already exists
argo_hytos_1.xlsx,v2142526,V2142526,1,https://cdn.shopify.com/s/files/1/0592/2648/8986/files/R660G_f0c3cf47-5a5f-43d0-b281-dd6cbc30b3eb.jpg?v=1740484225,images\v2142526-1.jpg,Already exists
argo_hytos_1.xlsx,v2142526,V2142526,1,https://cdn.shopify.com/s/files/1/0592/2648/8986/files/md-c7bb8f3d-1dcb-41a9-b1e8-f89b54316198_0763ec1b-1c68-44e4-8b65-2ea64545d747.jpg?v=1740484225,images\v2142526-1.jpg,Already exists
argo_hytos_1.xlsx,v2142523,V2142523,1,https://cdn.shopify.com/s/files/1/0592/2648/8986/files/R660G_08660c9e-4ec2-4346-9350-a8fa25e2dbc1.jpg?v=1739396920,images\v2142523-1.jpg,Already exists
argo_hytos_1.xlsx,v2126046,V2126046,1,https://cdn.shopify.com/s/files/1/0592/2648/8986/files/md-59beb288-3d45-4817-8194-2d8eff5d3427_a190cd76-8d7a-4eca-aa2d-6023f7afedbc.jpg?v=1740484227,images\v2126046-1.jpg,Already exists
argo_hytos_1.xlsx,v2126048,V2126048,1,https://cdn.shopify.com/s/files/1/0592/2648/8986/files/FF212672B_fccc01e6-9e03-43e7-870a-a7de15cf9de6.jpg?v=1709690667,images\v2126048-1.jpg,Already exists
argo_hytos_1.xlsx,v2126046,V2126046,1,https://cdn.shopify.com/s/files/1/0592/2648/8986/files/FF212672B_f53fca13-0eeb-41c5-b325-bf09a1b2b50a.jpg?v=1740484227,images\v2126046-1.jpg,Already exists
argo_hytos_1.xlsx,v2126043,V2126043,1,https://cdn.shopify.com/s/files/1/0592/2648/8986/files/FF212672B_86dd0d11-9f4a-4114-a04d-fbe57f51847a.jpg?v=1709690653,images\v2126043-1.jpg,Already exists
argo_hytos_1.xlsx,v2125006,V2125006,1,https://cdn.shopify.com/s/files/1/0592/2648/8986/files/md-aa280e92-59b3-4a00-bb9b-7dcec28c945b_62c66f18-399a-4c31-97bd-81e6e6aea0a1.jpg?v=1740484224,images\v2125006-1.jpg,Already exists
argo_hytos_1.xlsx,v2125008,V2125008,1,https://cdn.shopify.com/s/files/1/0592/2648/8986/files/FF212672B_d29bd0d0-566f-470d-82f1-5a69cf8570e0.jpg?v=1740484229,images\v2125008-1.jpg,Already exists
argo_hytos_1.xlsx,v2125006,V2125006,1,https://cdn.shopify.com/s/files/1/0592/2648/8986/files/FF212672B_2f230472-5bea-4ba7-af5c-4b5a208e2397.jpg?v=1740484224,images\v2125006-1.jpg,Already exists
argo_hytos_1.xlsx,v2125008,V2125008,1,https://cdn.shopify.com/s/files/1/0592/2648/8986/files/md-8515a44f-f5e1-43e1-91e4-48d878cff3ff_8639f4a0-30da-457a-a2ae-7df20254313f.jpg?v=1740484229,images\v2125008-1.jpg,Already exists
argo_hytos_1.xlsx,v2123426,V2123426,1,https://cdn.shopify.com/s/files/1/0592/2648/8986/files/FF212672B_a0e9c7d9-c3e7-42ac-ac67-557f7bdabb69.jpg?v=1740484227,images\v2123426-1.jpg,Already exists
argo_hytos_1.xlsx,v2123426,V2123426,1,https://cdn.shopify.com/s/files/1/0592/2648/8986/files/md-99ae550f-b730-488f-ba89-2e6526d3f78a_165e5206-7b36-4fad-a747-b28610474f83.jpg?v=1740484227,images\v2123426-1.jpg,Already exists
argo_hytos_1.xlsx,v2125003,V2125003,1,https://cdn.shopify.com/s/files/1/0592/2648/8986/files/FF212672B_920de26e-1347-457e-9659-016be267c75f.jpg?v=1709690633,images\v2125003-1.jpg,Already exists
argo_hytos_1.xlsx,v2121756,V2121756,1,https://cdn.shopify.com/s/files/1/0592/2648/8986/files/md-c319219c-2b2d-4e94-9936-0043ff400dc2_f978914a-d8f7-430d-97a3-35fafcc020dc.jpg?v=1740484226,images\v2121756-1.jpg,Already exists
argo_hytos_1.xlsx,v2121756,V2121756,1,https://cdn.shopify.com/s/files/1/0592/2648/8986/files/FF200516B_3fd94d24-ccb1-4a7a-b6a4-d06c8bffda4c.jpg?v=1740484226,images\v2121756-1.jpg,Already exists
argo_hytos_1.xlsx,v2121756,V2121756,1,https://cdn.shopify.com/s/files/1/0592/2648/8986/files/MicroFit-Placeholder-600x600_41c0d68a-8358-437d-af20-dda9609a605e.png?v=1760640399,images\v2121756-1.png,Already exists
argo_hytos_1.xlsx,v2121753,V2121753,1,https://cdn.shopify.com/s/files/1/0592/2648/8986/files/FF200516B_c8545117-a3e4-49ee-859a-cd040c3ecc8f.jpg?v=1718122655,images\v2121753-1.jpg,Already exists
argo_hytos_1.xlsx,v2121753,V2121753,1,https://cdn.shopify.com/s/files/1/0592/2648/8986/files/MicroFit-Placeholder-600x600_433c9ade-4973-4656-9d60-0195e82ac5cb.png?v=1760640396,images\v2121753-1.png,Already exists
argo_hytos_1.xlsx,v2123423,V2123423,1,https://cdn.shopify.com/s/files/1/0592/2648/8986/files/FF212672B_e622c340-9bb9-4181-9b8c-42ec4c0de6eb.jpg?v=1709688868,images\v2123423-1.jpg,Already exists
argo_hytos_1.xlsx,hfl92001,HFL92001,1,https://cdn.shopify.com/s/files/1/0592/2648/8986/files/p761490.700.700_76429a41-6dd3-4f01-a3be-47ef251b2e95.jpg?v=1762281289,images\hfl92001-1.jpg,Already exists
argo_hytos_1.xlsx,hfl92001,HFL92001,1,https://cdn.shopify.com/s/files/1/0592/2648/8986/files/md-a0c9e004-1459-42ad-a8c2-320cdf9cded1_a5132323-2482-4394-8cd6-541d30a3af8f.jpg?v=1762281289,images\hfl92001-1.jpg,Already exists
argo_hytos_1.xlsx,hfl92001,HFL92001,1,https://cdn.shopify.com/s/files/1/0592/2648/8986/files/placeholder_05c9f458-190b-4228-8de0-e336cc07ce35.png?v=1762281289,images\hfl92001-1.png,Already exists
argo_hytos_1.xlsx,s2115005,S2115005,1,https://cdn.shopify.com/s/files/1/0592/2648/8986/files/D111B_73297e37-b290-47dd-bf8b-2db662bf3553.jpg?v=1742553060,images\s2115005-1.jpg,Already exists
argo_hytos_1.xlsx,s2115005,S2115005,1,https://cdn.shopify.com/s/files/1/0592/2648/8986/files/FF200596B-NB_3f6e6022-3c1e-4a90-bcf4-f0bd0b2912c2.jpg?v=1742553060,images\s2115005-1.jpg,Already exists
argo_hytos_1.xlsx,s2115005,S2115005,1,https://cdn.shopify.com/s/files/1/0592/2648/8986/files/md-8c95bea1-0ceb-47c6-a85a-99216b240828_5985c885-3b87-47eb-99af-51f732d13169.jpg?v=1761655929,images\s2115005-1.jpg,Already exists
argo_hytos_1.xlsx,v3072008,V3072008,1,https://cdn.shopify.com/s/files/1/0592/2648/8986/files/MicroFit-Placeholder-600x600_8f51611d-1a9a-47d3-a020-0626354a2546.png?v=1760637293,images\v3072008-1.png,Already exists
argo_hytos_1.xlsx,v3072008,V3072008,1,https://cdn.shopify.com/s/files/1/0592/2648/8986/files/D831GA_2475da3e-82b7-4a16-a6c6-28e7f090289e.jpg?v=1739396959,images\v3072008-1.jpg,Already exists
argo_hytos_1.xlsx,s3102305,S3102305,1,https://cdn.shopify.com/s/files/1/0592/2648/8986/files/D151A_4833ec42-d24a-42af-8b5e-ffc4cf824ea3.jpg?v=1739394509,images\s3102305-1.jpg,Already exists
argo_hytos_1.xlsx,p3051052,P3051052,1,https://cdn.shopify.com/s/files/1/0592/2648/8986/files/md-6c4b0482-08db-47aa-8d63-271d45109b19_006f98e1-c2e6-4d53-89be-829e0acf522b.jpg?v=1748455305,images\p3051052-1.jpg,Already exists
argo_hytos_1.xlsx,s3102305,S3102305,1,https://cdn.shopify.com/s/files/1/0592/2648/8986/files/MicroFit-Placeholder-600x600_c1af40f0-2840-4822-9208-3b48afaa18dd.png?v=1760637294,images\s3102305-1.png,Already exists
argo_hytos_1.xlsx,p3051053,P3051053,1,https://cdn.shopify.com/s/files/1/0592/2648/8986/files/FF200455B_310f92d3-5b86-4c3e-9d73-159ab453af2e.jpg?v=1709693780,images\p3051053-1.jpg,Already exists
argo_hytos_1.xlsx,p3051052,P3051052,1,https://cdn.shopify.com/s/files/1/0592/2648/8986/files/FF200455B_64306113-bec0-4294-8858-9cbcc2955169.jpg?v=1748455305,images\p3051052-1.jpg,Already exists
argo_hytos_1.xlsx,p3051052,P3051052,1,https://cdn.shopify.com/s/files/1/0592/2648/8986/files/HF35270_d41d0b88-e3a7-4d8f-84fd-d76ef1190f68.jpg?v=1755780264,images\p3051052-1.jpg,Already exists
argo_hytos_1.xlsx,p2071701,P2071701,1,https://cdn.shopify.com/s/files/1/0592/2648/8986/files/HiFi-No-Img-800x800_764f6777-66df-4550-a5e0-517535e3a2fe.jpg?v=1766014028,images\p2071701-1.jpg,Already exists
argo_hytos_1.xlsx,v3061708,V3061708,1,https://cdn.shopify.com/s/files/1/0592/2648/8986/files/md-8f3696ef-9308-4857-a4fd-f2db675dc7ce_7adcdb92-95c7-4d9f-b67b-12f3f53f7a67.jpg?v=1740484246,images\v3061708-1.jpg,Already exists
argo_hytos_1.xlsx,p2071701,P2071701,1,https://cdn.shopify.com/s/files/1/0592/2648/8986/files/S520_715c6930-b6f9-4341-8af6-1031fe5e7b91.jpg?v=1766014028,images\p2071701-1.jpg,Already exists
argo_hytos_1.xlsx,v3061708,V3061708,1,https://cdn.shopify.com/s/files/1/0592/2648/8986/files/D821GA_3aec20cc-e6c1-47f7-a950-122567b8e85d.jpg?v=1740484246,images\v3061708-1.jpg,Already exists
argo_hytos_1.xlsx,v3061708,V3061708,1,https://cdn.shopify.com/s/files/1/0592/2648/8986/files/MicroFit-Placeholder-600x600_125993ae-dcd7-4bb3-9a01-06ecc185fe6c.png?v=1760637197,images\v3061708-1.png,Already exists
argo_hytos_1.xlsx,v3083316,V3083316,1,https://cdn.shopify.com/s/files/1/0592/2648/8986/files/FF200526B_4ecdaaa7-b87f-4ef9-ac25-5c96f384d572.jpg?v=1755097400,images\v3083316-1.jpg,Already exists
argo_hytos_1.xlsx,v3083316,V3083316,1,https://cdn.shopify.com/s/files/1/0592/2648/8986/files/md-be4941ee-e55d-4a65-85c4-6a4f1f961225_31bdeea0-137b-408a-a5ed-6c58ae8d4d8c.jpg?v=1755097400,images\v3083316-1.jpg,Already exists
argo_hytos_1.xlsx,v3083313,V3083313,1,https://cdn.shopify.com/s/files/1/0592/2648/8986/files/FF200526B_09a5e07c-8fe1-4b32-b735-1074efe3b3ad.jpg?v=1748457013,images\v3083313-1.jpg,Already exists
argo_hytos_1.xlsx,v3083313,V3083313,1,https://cdn.shopify.com/s/files/1/0592/2648/8986/files/md-5dbd9983-891e-4e2f-974f-c5026e0a2988_dfd4bc02-8eeb-4f88-80ac-32b52035e3dd.jpg?v=1748457013,images\v3083313-1.jpg,Already exists
argo_hytos_1.xlsx,v3083316,V3083316,1,https://cdn.shopify.com/s/files/1/0592/2648/8986/files/D150B_64f237ac-ffe3-4e29-9370-a1e0e4ff3e6d.jpg?v=1755097400,images\v3083316-1.jpg,Already exists
argo_hytos_1.xlsx,v3082313,V3082313,1,https://cdn.shopify.com/s/files/1/0592/2648/8986/files/FF200526B_1e3d85d4-8ea4-4330-a029-43dc9d451907.jpg?v=1748457013,images\v3082313-1.jpg,Already exists
argo_hytos_1.xlsx,v3083313,V3083313,1,https://cdn.shopify.com/s/files/1/0592/2648/8986/files/D150B_1d541e40-a1c5-44fa-9e81-40bb8f5efbbd.jpg?v=1748457013,images\v3083313-1.jpg,Already exists
argo_hytos_1.xlsx,v3082313,V3082313,1,https://cdn.shopify.com/s/files/1/0592/2648/8986/files/D150B_4843cea4-b86a-4876-a0b5-c99f2404b580.jpg?v=1748457013,images\v3082313-1.jpg,Already exists
argo_hytos_1.xlsx,v3082303,V3082303,1,https://cdn.shopify.com/s/files/1/0592/2648/8986/files/FF200199B-NB_2aaf7bd5-0583-42fc-afcc-1f88d6836ca6.jpg?v=1755097400,images\v3082303-1.jpg,Already exists
argo_hytos_1.xlsx,v3082313,V3082313,1,https://cdn.shopify.com/s/files/1/0592/2648/8986/files/md-93dba9e6-f565-46ed-b8e0-8bdab62a4624_5b37b64e-1ba5-4cf9-9002-88495a16acab.jpg?v=1748457013,images\v3082313-1.jpg,Already exists
argo_hytos_1.xlsx,v3082303,V3082303,1,https://cdn.shopify.com/s/files/1/0592/2648/8986/files/md-dc367aa6-70a4-4d33-bef9-aec3db7eed1a_76b434f8-df81-4a46-b5ca-83dd87e075ef.jpg?v=1755097400,images\v3082303-1.jpg,Already exists
argo_hytos_1.xlsx,v3082303,V3082303,1,https://cdn.shopify.com/s/files/1/0592/2648/8986/files/D151A_070fb032-0671-4aff-a54f-7fe3e2cfed4b.jpg?v=1755097400,images\v3082303-1.jpg,Already exists
argo_hytos_1.xlsx,v3081713,V3081713,1,https://cdn.shopify.com/s/files/1/0592/2648/8986/files/D150B_57e1a08d-78d5-4847-a8f8-311df29b7736.jpg?v=1741359766,images\v3081713-1.jpg,Already exists
argo_hytos_1.xlsx,v3081713,V3081713,1,https://cdn.shopify.com/s/files/1/0592/2648/8986/files/FF200525B-NB_e8e39b52-c63a-478c-a31d-b06d674d9239.jpg?v=1751989778,images\v3081713-1.jpg,Already exists
argo_hytos_1.xlsx,v3081713,V3081713,1,https://cdn.shopify.com/s/files/1/0592/2648/8986/files/md-09f32f97-d1c6-4929-8b55-c7ad7351d5f4_eff6747c-5100-45da-82d0-40174146415c.jpg?v=1741359766,images\v3081713-1.jpg,Already exists
argo_hytos_1.xlsx,v3081708,V3081708,1,https://cdn.shopify.com/s/files/1/0592/2648/8986/files/FF200199B-NB_13773f83-e1ad-40c8-971e-7e24ed6af4fc.jpg?v=1755097400,images\v3081708-1.jpg,Already exists
argo_hytos_1.xlsx,v3081708,V3081708,1,https://cdn.shopify.com/s/files/1/0592/2648/8986/files/md-bc5ca5ea-9d56-486a-96b5-894e99832ef0_7859db5e-2292-4b43-8237-a55bd72445f1.jpg?v=1755097400,images\v3081708-1.jpg,Already exists
argo_hytos_1.xlsx,v3081703,V3081703,1,https://cdn.shopify.com/s/files/1/0592/2648/8986/files/FF200199B-NB_6a535c70-378c-4118-b6c2-0c8ce8434d7d.jpg?v=1755097399,images\v3081703-1.jpg,Already exists
argo_hytos_1.xlsx,v3081708,V3081708,1,https://cdn.shopify.com/s/files/1/0592/2648/8986/files/D151A_fc43e090-589f-438d-97f3-b209498d6bca.jpg?v=1755097400,images\v3081708-1.jpg,Already exists
argo_hytos_1.xlsx,v3081703,V3081703,1,https://cdn.shopify.com/s/files/1/0592/2648/8986/files/md-17ea3258-93ee-47f9-807f-9f77690d2422_bc14862a-1890-45d1-add8-703786d9bfdd.jpg?v=1755097399,images\v3081703-1.jpg,Already exists
argo_hytos_1.xlsx,v3081703,V3081703,1,https://cdn.shopify.com/s/files/1/0592/2648/8986/files/D151A_13b44d6b-c39f-48ca-88cf-96c6f1dfebfe.jpg?v=1755097399,images\v3081703-1.jpg,Already exists
argo_hytos_1.xlsx,v3072016,V3072016,1,https://cdn.shopify.com/s/files/1/0592/2648/8986/files/MicroFit-Placeholder-600x600_1626832a-5129-4df4-997a-2ac2346ad920.png?v=1760637130,images\v3072016-1.png,Already exists
argo_hytos_1.xlsx,v3072016,V3072016,1,https://cdn.shopify.com/s/files/1/0592/2648/8986/files/D831B_e5974fb2-856a-45d9-a168-f9522ae5d5cd.jpg?v=1739396960,images\v3072016-1.jpg,Already exists
argo_hytos_1.xlsx,v3072006,V3072006,1,https://cdn.shopify.com/s/files/1/0592/2648/8986/files/HD_722_image1_b5646399-d947-4c69-9baa-b2ff16bf1994.jpg?v=1755097399,images\v3072006-1.jpg,Already exists
argo_hytos_1.xlsx,v3072006,V3072006,1,https://cdn.shopify.com/s/files/1/0592/2648/8986/files/p764554.700.700_bcb3d5a2-0d27-44ec-8219-11b5d8a14c85.jpg?v=1755097399,images\v3072006-1.jpg,Already exists
argo_hytos_1.xlsx,v3072006,V3072006,1,https://cdn.shopify.com/s/files/1/0592/2648/8986/files/D831GA_9f9e40ef-3a0c-4980-b1cc-5831005fa1ce.jpg?v=1755097399,images\v3072006-1.jpg,Already exists
argo_hytos_1.xlsx,v3062318,V3062318,1,https://cdn.shopify.com/s/files/1/0592/2648/8986/files/md-710ef4af-aefc-4276-963f-48d9592a8511_ba20c50d-a620-479b-b992-0c4195c3ab1d.jpg?v=1762281630,images\v3062318-1.jpg,Already exists
argo_hytos_1.xlsx,v3072006,V3072006,1,https://cdn.shopify.com/s/files/1/0592/2648/8986/files/md-a76631c9-fbbb-49e4-8d2f-dea02d22a0e8_2a861c49-cd2e-4b51-b7f9-172a02be84e8.jpg?v=1755097399,images\v3072006-1.jpg,Already exists
argo_hytos_1.xlsx,v3062318,V3062318,1,https://cdn.shopify.com/s/files/1/0592/2648/8986/files/D821B_dd246a6f-9a31-439d-b3be-9c8da5f11932.jpg?v=1762281630,images\v3062318-1.jpg,Already exists
argo_hytos_1.xlsx,v3072006,V3072006,1,https://cdn.shopify.com/s/files/1/0592/2648/8986/files/MicroFit-Placeholder-600x600_a81e7d21-6dbb-485a-b63e-d8ea7d005ffd.png?v=1760637127,images\v3072006-1.png,Already exists
argo_hytos_1.xlsx,v3062313,V3062313,1,https://cdn.shopify.com/s/files/1/0592/2648/8986/files/D821B_07eb21e1-823e-46fb-aa2a-c3d54d721f25.jpg?v=1755097398,images\v3062313-1.jpg,Already exists
argo_hytos_1.xlsx,v3062313,V3062313,1,https://cdn.shopify.com/s/files/1/0592/2648/8986/files/md-0d452fe2-9b50-4beb-9ee7-7f6b51b425ca_9f23a48a-34da-4843-973a-cb258eb246a4.jpg?v=1755097398,images\v3062313-1.jpg,Already exists
argo_hytos_1.xlsx,v3062318,V3062318,1,https://cdn.shopify.com/s/files/1/0592/2648/8986/files/MicroFit-Placeholder-600x600_0c79ff1d-1449-4e8b-9bd8-01f3a64a6b64.png?v=1762281630,images\v3062318-1.png,Already exists
argo_hytos_1.xlsx,v3062313,V3062313,1,https://cdn.shopify.com/s/files/1/0592/2648/8986/files/MicroFit-Placeholder-600x600_f0087fea-34e7-482a-8bc1-5e9d7ebd226d.png?v=1760637118,images\v3062313-1.png,Already exists
argo_hytos_1.xlsx,v3062303,V3062303,1,https://cdn.shopify.com/s/files/1/0592/2648/8986/files/D821GA_487110d6-7417-4b8d-bc1e-7857c0c15d25.jpg?v=1740484247,images\v3062303-1.jpg,Already exists
argo_hytos_1.xlsx,v3062303,V3062303,1,https://cdn.shopify.com/s/files/1/0592/2648/8986/files/md-3200312d-41b5-458b-8bb6-885f82b9b7d9_9b7a25c2-2322-4903-aa3b-4be58b0738d0.jpg?v=1740484247,images\v3062303-1.jpg,Already exists
argo_hytos_1.xlsx,v3060703,V3060703,1,https://cdn.shopify.com/s/files/1/0592/2648/8986/files/MicroFit-Placeholder-600x600_dda01977-f0ef-4d14-b987-636d4a25e5f5.png?v=1760637139,images\v3060703-1.png,Already exists
argo_hytos_1.xlsx,v3062303,V3062303,1,https://cdn.shopify.com/s/files/1/0592/2648/8986/files/MicroFit-Placeholder-600x600_c92e83a5-9eae-4717-b8d5-dc49927150d9.png?v=1760637148,images\v3062303-1.png,Already exists
argo_hytos_1.xlsx,v3060703,V3060703,1,https://cdn.shopify.com/s/files/1/0592/2648/8986/files/FF200534B_836f0f97-5335-4df7-9cff-b7dd935695bf.jpg?v=1694506809,images\v3060703-1.jpg,Already exists
argo_hytos_1.xlsx,v3052018,V3052018,1,https://cdn.shopify.com/s/files/1/0592/2648/8986/files/MicroFit-Placeholder-600x600_d947fa05-e03c-4162-899b-e702945d4e5e.png?v=1760637140,images\v3052018-1.png,Already exists
argo_hytos_1.xlsx,v3052018,V3052018,1,https://cdn.shopify.com/s/files/1/0592/2648/8986/files/FF200526B_cedbde7b-650e-432f-bc1f-030e5494a69d.jpg?v=1741359731,images\v3052018-1.jpg,Already exists
argo_hytos_1.xlsx,v3052018,V3052018,1,https://cdn.shopify.com/s/files/1/0592/2648/8986/files/md-6a03e117-7867-420e-8210-9f722220b8df_7467193f-90b5-4451-a522-3a259bdd7bf1.jpg?v=1741359731,images\v3052018-1.jpg,Already exists
argo_hytos_1.xlsx,v3052003,V3052003,1,https://cdn.shopify.com/s/files/1/0592/2648/8986/files/FF200525B-NB_692a5448-978f-4f3c-8054-533dc23425c9.jpg?v=1755097405,images\v3052003-1.jpg,Already exists
argo_hytos_1.xlsx,v3052003,V3052003,1,https://cdn.shopify.com/s/files/1/0592/2648/8986/files/D810GA_b11261db-59e2-4a39-a152-61dfced6bc31.jpg?v=1755097405,images\v3052003-1.jpg,Already exists
argo_hytos_1.xlsx,v3052003,V3052003,1,https://cdn.shopify.com/s/files/1/0592/2648/8986/files/md-a1de1494-02a6-4e84-87c6-56fddd05ad24_cd85079a-12af-41be-8b76-397f3a498eb2.jpg?v=1755097405,images\v3052003-1.jpg,Already exists
argo_hytos_1.xlsx,v3051018,V3051018,1,https://cdn.shopify.com/s/files/1/0592/2648/8986/files/HF35321_763e2b74-5bb9-4bea-9e84-fb5a708eaa00.jpg?v=1755780255,images\v3051018-1.jpg,Already exists
argo_hytos_1.xlsx,v3051018,V3051018,1,https://cdn.shopify.com/s/files/1/0592/2648/8986/files/FF200520B_35d54db3-9f3b-4d90-b1de-02e95ba5838c.jpg?v=1740484234,images\v3051018-1.jpg,Already exists
argo_hytos_1.xlsx,v3051018,V3051018,1,https://cdn.shopify.com/s/files/1/0592/2648/8986/files/md-463de8fb-5d31-4e3d-8123-7e335f9e1ef5_406b52a9-0b1a-45b0-bf8e-bee5db420886.jpg?v=1740484234,images\v3051018-1.jpg,Already exists
argo_hytos_1.xlsx,v3051018,V3051018,1,https://cdn.shopify.com/s/files/1/0592/2648/8986/files/MicroFit-Placeholder-600x600_f5fe68e7-9313-43dd-805f-0a6da5477d80.png?v=1760637137,images\v3051018-1.png,Already exists
argo_hytos_1.xlsx,v3051013,V3051013,1,https://cdn.shopify.com/s/files/1/0592/2648/8986/files/FF200520B_d379b9b8-17d4-4d9e-b0d5-ec0dd79ac5aa.jpg?v=1741359714,images\v3051013-1.jpg,Already exists
argo_hytos_1.xlsx,v2083303,V2083303,1,https://cdn.shopify.com/s/files/1/0592/2648/8986/files/FF200510B_f844baf1-06e7-44c9-a6ff-ca7c4d28d39b.jpg?v=1764692780,images\v2083303-1.jpg,Already exists
argo_hytos_1.xlsx,v3051013,V3051013,1,https://cdn.shopify.com/s/files/1/0592/2648/8986/files/md-83d7c419-54fd-4510-bebc-a130ba0fdad2_d6792cd4-10b4-4df1-a961-794992f30a5f.jpg?v=1741359714,images\v3051013-1.jpg,Already exists
argo_hytos_1.xlsx,v3051013,V3051013,1,https://cdn.shopify.com/s/files/1/0592/2648/8986/files/MicroFit-Placeholder-600x600_4e00d0f0-65f8-469d-beea-726a1a80476f.png?v=1760637133,images\v3051013-1.png,Already exists
argo_hytos_1.xlsx,v2083303,V2083303,1,https://cdn.shopify.com/s/files/1/0592/2648/8986/files/HiFi-No-Img-800x800_fdecf6a8-ad18-424b-9bcc-2442e52f134a.jpg?v=1764763432,images\v2083303-1.jpg,Already exists
argo_hytos_1.xlsx,v2083303,V2083303,1,https://cdn.shopify.com/s/files/1/0592/2648/8986/files/R640G_bd523723-3483-4486-9041-af03007cf5b3.jpg?v=1764692780,images\v2083303-1.jpg,Already exists
argo_hytos_1.xlsx,s3101715,S3101715,1,https://cdn.shopify.com/s/files/1/0592/2648/8986/files/D151A_a93f8570-455e-4699-b664-ed14b2f7325f.jpg?v=1755097400,images\s3101715-1.jpg,Already exists
argo_hytos_1.xlsx,s3101715,S3101715,1,https://cdn.shopify.com/s/files/1/0592/2648/8986/files/md-70560072-e3c1-4c44-b32f-c8a00abad488_4128cb7b-929a-4411-86bd-78f8904f69dc.jpg?v=1755097400,images\s3101715-1.jpg,Already exists
argo_hytos_1.xlsx,s3101710,S3101710,1,https://cdn.shopify.com/s/files/1/0592/2648/8986/files/D151A_3cc5959c-584b-48f0-b790-fb8753a315ed.jpg?v=1741364253,images\s3101710-1.jpg,Already exists
argo_hytos_1.xlsx,s3101715,S3101715,1,https://cdn.shopify.com/s/files/1/0592/2648/8986/files/MicroFit-Placeholder-600x600_afb07c09-1ed9-4347-bbe2-7e968a597355.png?v=1760637129,images\s3101715-1.png,Already exists
argo_hytos_1.xlsx,s3101710,S3101710,1,https://cdn.shopify.com/s/files/1/0592/2648/8986/files/md-a16a4410-e924-486a-b69f-626eee9f21e5_99ddf9f8-4108-435c-a03b-4f46abcbc41b.jpg?v=1741364253,images\s3101710-1.jpg,Already exists
argo_hytos_1.xlsx,s3101710,S3101710,1,https://cdn.shopify.com/s/files/1/0592/2648/8986/files/MicroFit-Placeholder-600x600_54ba953c-ecbb-4876-a86e-4dabf643f9ba.png?v=1760637130,images\s3101710-1.png,Already exists
argo_hytos_1.xlsx,s3072005,S3072005,1,https://cdn.shopify.com/s/files/1/0592/2648/8986/files/D831GA_f6a06cd8-9edd-44c4-bd2a-82b0e1614790.jpg?v=1755097402,images\s3072005-1.jpg,Already exists
argo_hytos_1.xlsx,s3072005,S3072005,1,https://cdn.shopify.com/s/files/1/0592/2648/8986/files/md-02e89afd-d17c-498f-b1b9-af572fa8a57e_8a24f659-62db-4187-b14b-0772d59dda78.jpg?v=1755097402,images\s3072005-1.jpg,Already exists
argo_hytos_1.xlsx,s3071205,S3071205,1,https://cdn.shopify.com/s/files/1/0592/2648/8986/files/FF200466B_dd2b2a9f-3cd8-49ec-a6a1-9b96c695f4f0.jpg?v=1762281628,images\s3071205-1.jpg,Already exists
argo_hytos_1.xlsx,s3072005,S3072005,1,https://cdn.shopify.com/s/files/1/0592/2648/8986/files/MicroFit-Placeholder-600x600_04543ca3-83de-43e8-8ff0-e5b2e866ac0a.png?v=1760637130,images\s3072005-1.png,Already exists
argo_hytos_1.xlsx,s3071205,S3071205,1,https://cdn.shopify.com/s/files/1/0592/2648/8986/files/md-691d0dcb-7805-4ce0-b81a-2680025f57d1_1650a973-78c8-4e84-9bc0-f7f2a6329370.jpg?v=1762281628,images\s3071205-1.jpg,Already exists
argo_hytos_1.xlsx,s3071205,S3071205,1,https://cdn.shopify.com/s/files/1/0592/2648/8986/files/MicroFit-Placeholder-600x600_0429d683-f6ac-4434-95da-0abad9d258e2.png?v=1762281628,images\s3071205-1.png,Already exists
argo_hytos_1.xlsx,s3071200,S3071200,1,https://cdn.shopify.com/s/files/1/0592/2648/8986/files/md-687c4c58-31bf-4b79-90f2-b469521eba6e_67476ae9-3a1b-4526-8b65-2553d3f1aa84.jpg?v=1762277205,images\s3071200-1.jpg,Already exists
argo_hytos_1.xlsx,s3071200,S3071200,1,https://cdn.shopify.com/s/files/1/0592/2648/8986/files/FF200466B_2a669cb6-0477-44b4-9cb3-dfba97842e82.jpg?v=1762277205,images\s3071200-1.jpg,Already exists
argo_hytos_1.xlsx,s3071200,S3071200,1,https://cdn.shopify.com/s/files/1/0592/2648/8986/files/MicroFit-Placeholder-600x600_33d7f148-d4f6-475f-86d6-63fbd6ea2659.png?v=1762277205,images\s3071200-1.png,Already exists
argo_hytos_1.xlsx,s3052005,S3052005,1,https://cdn.shopify.com/s/files/1/0592/2648/8986/files/FF200528B_9db56ec8-15b9-4d13-aad0-0b89805877f3.jpg?v=1755097400,images\s3052005-1.jpg,Already exists
argo_hytos_1.xlsx,s3052005,S3052005,1,https://cdn.shopify.com/s/files/1/0592/2648/8986/files/md-272f3be8-0944-4c7e-9721-c57cb41ddac0_ad75844a-ad88-4d18-82ae-275684d45267.jpg?v=1755097400,images\s3052005-1.jpg,Already exists
argo_hytos_1.xlsx,s3052005,S3052005,1,https://cdn.shopify.com/s/files/1/0592/2648/8986/files/MicroFit-Placeholder-600x600_a659dd7c-163e-45bb-991e-469c5589838e.png?v=1760637128,images\s3052005-1.png,Already exists
argo_hytos_1.xlsx,s3051005,S3051005,1,https://cdn.shopify.com/s/files/1/0592/2648/8986/files/md-3e4850ca-1d7b-48a4-b5b1-c37d096fada4_c5f78f5f-32a4-45d7-8ada-417d66d88019.jpg?v=1740483369,images\s3051005-1.jpg,Already exists
argo_hytos_1.xlsx,s3051005,S3051005,1,https://cdn.shopify.com/s/files/1/0592/2648/8986/files/MicroFit-Placeholder-600x600_db1343d3-d41b-4607-b758-5c5e149db879.png?v=1760637130,images\s3051005-1.png,Already exists
argo_hytos_1.xlsx,s3050851,S3050851,1,https://cdn.shopify.com/s/files/1/0592/2648/8986/files/FF200496B_6557b865-31e5-46a7-8ff0-7d5424e2c6ac.jpg?v=1755097401,images\s3050851-1.jpg,Already exists
argo_hytos_1.xlsx,s3050851,S3050851,1,https://cdn.shopify.com/s/files/1/0592/2648/8986/files/md-88b90f17-1677-4ff3-adb1-abe7ac6cb2a4_33488bc0-3604-411c-a26e-f38214ee8886.jpg?v=1755097401,images\s3050851-1.jpg,Already exists
argo_hytos_1.xlsx,s3051005,S3051005,1,https://cdn.shopify.com/s/files/1/0592/2648/8986/files/FF200500B_6a73532e-e0d2-47b9-811a-6c226455c57c.jpg?v=1740483369,images\s3051005-1.jpg,Already exists
argo_hytos_1.xlsx,s2121705,S2121705,1,https://cdn.shopify.com/s/files/1/0592/2648/8986/files/FF200516B_3d245a08-3a76-4c3f-8486-b206ffa0e3e8.jpg?v=1755097400,images\s2121705-1.jpg,Already exists
argo_hytos_1.xlsx,s3050851,S3050851,1,https://cdn.shopify.com/s/files/1/0592/2648/8986/files/MicroFit-Placeholder-600x600_be40f7f0-2509-4815-b87c-86c32a14911c.png?v=1760637124,images\s3050851-1.png,Already exists
argo_hytos_1.xlsx,s2121705,S2121705,1,https://cdn.shopify.com/s/files/1/0592/2648/8986/files/md-98d89087-3efc-45bf-a59e-2cd52e8c5b34_5b195f5e-df88-4d75-ba84-f3ab2336ce89.jpg?v=1755097400,images\s2121705-1.jpg,Already exists
argo_hytos_1.xlsx,s2121705,S2121705,1,https://cdn.shopify.com/s/files/1/0592/2648/8986/files/MicroFit-Placeholder-600x600_1a906d0d-a992-4c4e-ba10-125681c3dda1.png?v=1760637124,images\s2121705-1.png,Already exists
argo_hytos_1.xlsx,s2103310,S2103310,1,https://cdn.shopify.com/s/files/1/0592/2648/8986/files/md-209bff9f-1038-47f5-9e27-011fe15e5d0a_898d6199-e024-4884-b499-6876ea532af2.jpg?v=1741358328,images\s2103310-1.jpg,Already exists
argo_hytos_1.xlsx,s2103310,S2103310,1,https://cdn.shopify.com/s/files/1/0592/2648/8986/files/S540_224ea345-81b2-4c50-a401-129cdbedbb9a.jpg?v=1741358328,images\s2103310-1.jpg,Already exists
argo_hytos_1.xlsx,s2102310,S2102310,1,https://cdn.shopify.com/s/files/1/0592/2648/8986/files/S540_bd7c5f1d-300c-48f7-a07a-b01006bb09e1.jpg?v=1741364244,images\s2102310-1.jpg,Already exists
argo_hytos_1.xlsx,s2103310,S2103310,1,https://cdn.shopify.com/s/files/1/0592/2648/8986/files/MicroFit-Placeholder-600x600_7966a15e-24ab-42a1-9df5-c662f807db47.png?v=1760637125,images\s2103310-1.png,Already exists
argo_hytos_1.xlsx,s2102310,S2102310,1,https://cdn.shopify.com/s/files/1/0592/2648/8986/files/MicroFit-Placeholder-600x600_792ed296-124c-4bb3-a645-1555e7d5a3a4.png?v=1760637123,images\s2102310-1.png,Already exists
argo_hytos_1.xlsx,s2102310,S2102310,1,https://cdn.shopify.com/s/files/1/0592/2648/8986/files/md-b1ed7624-bfc4-4a6c-99ff-fa9e78b85203_56898acb-15d2-48e1-8290-fc213b16cf3a.jpg?v=1741364244,images\s2102310-1.jpg,Already exists
argo_hytos_1.xlsx,s2102308,S2102308,1,https://cdn.shopify.com/s/files/1/0592/2648/8986/files/S540_aed82f36-264a-4462-a293-46de1f6942ba.jpg?v=1755097400,images\s2102308-1.jpg,Already exists
argo_hytos_1.xlsx,s2102308,S2102308,1,https://cdn.shopify.com/s/files/1/0592/2648/8986/files/md-6421e62a-52e6-4995-b5f0-5e58ae1ee1ae_b4108c99-0d89-46d3-92d4-ada4a351a9cd.jpg?v=1755097400,images\s2102308-1.jpg,Already exists
argo_hytos_1.xlsx,s2102308,S2102308,1,https://cdn.shopify.com/s/files/1/0592/2648/8986/files/MicroFit-Placeholder-600x600_5134a3ed-de5a-404c-ab9a-f21a8775e71c.png?v=1760637120,images\s2102308-1.png,Already exists
argo_hytos_1.xlsx,s2093305,S2093305,1,https://cdn.shopify.com/s/files/1/0592/2648/8986/products/FF200446B_f07847f1-495b-46e1-9337-28ff43f5af2a.jpg?v=1755097396,images\s2093305-1.jpg,Already exists
argo_hytos_1.xlsx,s2093305,S2093305,1,https://cdn.shopify.com/s/files/1/0592/2648/8986/files/md-738e511b-646c-4807-8eaf-615396a144df_101a4bfa-c719-4005-b453-68aa64e9e604.jpg?v=1755097396,images\s2093305-1.jpg,Already exists
argo_hytos_1.xlsx,s2072010,S2072010,1,https://cdn.shopify.com/s/files/1/0592/2648/8986/files/md-2b8a091b-afd1-4eae-9941-4991cac27747_656073c9-00c7-480f-bc4a-74aa7441ffbc.jpg?v=1755097397,images\s2072010-1.jpg,Already exists
argo_hytos_1.xlsx,s2093305,S2093305,1,https://cdn.shopify.com/s/files/1/0592/2648/8986/files/MicroFit-Placeholder-600x600_2a12c578-2b79-43a1-a6c7-6aeeb87de728.png?v=1760637120,images\s2093305-1.png,Already exists
argo_hytos_1.xlsx,s2072010,S2072010,1,https://cdn.shopify.com/s/files/1/0592/2648/8986/files/S521_18a0b8a1-ccbf-4833-b090-b13d15519114.jpg?v=1755097397,images\s2072010-1.jpg,Already exists
argo_hytos_1.xlsx,s2072010,S2072010,1,https://cdn.shopify.com/s/files/1/0592/2648/8986/files/MicroFit-Placeholder-600x600_557c6de9-d079-4233-836e-c8a969b53750.png?v=1760637120,images\s2072010-1.png,Already exists
argo_hytos_1.xlsx,s2071710,S2071710,1,https://cdn.shopify.com/s/files/1/0592/2648/8986/files/S520_cc101d87-36a7-4d53-b4f3-149e31ee6e05.jpg?v=1741364250,images\s2071710-1.jpg,Already exists
argo_hytos_1.xlsx,s2072005,S2072005,1,https://cdn.shopify.com/s/files/1/0592/2648/8986/files/S521_98c6254a-b2f9-4682-84b0-1e2e2c048ed5.jpg?v=1739394467,images\s2072005-1.jpg,Already exists
argo_hytos_1.xlsx,s2071710,S2071710,1,https://cdn.shopify.com/s/files/1/0592/2648/8986/files/MicroFit-Placeholder-600x600_f5cb2e3f-cef8-46c7-a64f-aa90a5182cb6.png?v=1760637123,images\s2071710-1.png,Already exists
argo_hytos_1.xlsx,p3112310,P3112310,1,https://cdn.shopify.com/s/files/1/0592/2648/8986/files/D151A_b1c70d5b-1eb4-4167-b846-0263c71e8480.jpg?v=1741364246,images\p3112310-1.jpg,Already exists
argo_hytos_1.xlsx,p3112310,P3112310,1,https://cdn.shopify.com/s/files/1/0592/2648/8986/files/md-795ce563-a09f-42e6-baec-10b91a92dc2c_469776f4-13c2-499f-a9e3-73b59950bb76.jpg?v=1741364246,images\p3112310-1.jpg,Already exists
argo_hytos_1.xlsx,s2071710,S2071710,1,https://cdn.shopify.com/s/files/1/0592/2648/8986/files/md-944b7bbf-8a13-4d06-b0f0-b28d6a9b7416_b77a932a-8696-4963-a8af-d8ea6e84a20b.jpg?v=1741364250,images\s2071710-1.jpg,Already exists
argo_hytos_1.xlsx,p3112300,P3112300,1,https://cdn.shopify.com/s/files/1/0592/2648/8986/files/D151A_10d4758b-32f5-4f6a-94b5-875f1e84d5c6.jpg?v=1739391230,images\p3112300-1.jpg,Already exists
argo_hytos_1.xlsx,p3111710,P3111710,1,https://cdn.shopify.com/s/files/1/0592/2648/8986/files/md-bdde365f-152c-4cc2-9adc-b1ed3975465e_0be894e7-fe9f-4585-9eb7-094565d603a7.jpg?v=1755097393,images\p3111710-1.jpg,Already exists
argo_hytos_1.xlsx,p3111710,P3111710,1,https://cdn.shopify.com/s/files/1/0592/2648/8986/files/D151A_223028ce-69fc-4a72-b5ea-acca6a21e6c0.jpg?v=1755097393,images\p3111710-1.jpg,Already exists
argo_hytos_1.xlsx,p3111700,P3111700,1,https://cdn.shopify.com/s/files/1/0592/2648/8986/files/D151A_5b9a7747-6fc5-44e7-a342-b133d2473a92.jpg?v=1741364248,images\p3111700-1.jpg,Already exists
argo_hytos_1.xlsx,p3111700,P3111700,1,https://cdn.shopify.com/s/files/1/0592/2648/8986/files/md-952f07d5-393d-4a06-885a-20f5c0111d66_860615d0-14cf-4a0a-adee-d7f97a143eb8.jpg?v=1741364248,images\p3111700-1.jpg,Already exists
argo_hytos_1.xlsx,p3072001,P3072001,1,https://cdn.shopify.com/s/files/1/0592/2648/8986/files/md-8d8a5f2a-f307-49a5-a447-98ed0ca79b66_b0940703-0ca5-4b6b-948e-9edbc13e6fb0.jpg?v=1755097393,images\p3072001-1.jpg,Already exists
argo_hytos_1.xlsx,p3072001,P3072001,1,https://cdn.shopify.com/s/files/1/0592/2648/8986/files/D830CA_247cb619-61da-4b0b-9992-cf13275e6ee0.jpg?v=1755097393,images\p3072001-1.jpg,Already exists
argo_hytos_1.xlsx,p3072000,P3072000,1,https://cdn.shopify.com/s/files/1/0592/2648/8986/files/md-b6305f01-0903-4aba-8c4f-369961456fe6_42e93165-fc28-4701-8edd-2bfc1b867618.jpg?v=1762280302,images\p3072000-1.jpg,Already exists
argo_hytos_1.xlsx,s2072005,S2072005,1,https://cdn.shopify.com/s/files/1/0592/2648/8986/files/MicroFit-Placeholder-600x600_f83086aa-7ee6-4473-a886-152bf9c1355d.png?v=1760637115,images\s2072005-1.png,Already exists
argo_hytos_1.xlsx,p3072000,P3072000,1,https://cdn.shopify.com/s/files/1/0592/2648/8986/files/HF35261_362d1e94-65ae-4449-9418-11c8acaee86c.jpg?v=1762280302,images\p3072000-1.jpg,Already exists
argo_hytos_1.xlsx,p3072000,P3072000,1,https://cdn.shopify.com/s/files/1/0592/2648/8986/files/D830CA_c7e3b8d8-9cce-402d-8f86-bf4c1e329ad9.jpg?v=1762280302,images\p3072000-1.jpg,Already exists
argo_hytos_1.xlsx,p3052005,P3052005,1,https://cdn.shopify.com/s/files/1/0592/2648/8986/files/FF200528B_fa33ed12-7fa3-4473-bc94-619c567c8905.jpg?v=1741364251,images\p3052005-1.jpg,Already exists
argo_hytos_1.xlsx,p3052005,P3052005,1,https://cdn.shopify.com/s/files/1/0592/2648/8986/files/md-7bf77afd-147d-4a70-91af-c119f14779a4_0ac5ec5a-1d2b-4f76-b7a6-c46b58994fbc.jpg?v=1741364251,images\p3052005-1.jpg,Already exists
argo_hytos_1.xlsx,p3052000,P3052000,1,https://cdn.shopify.com/s/files/1/0592/2648/8986/files/md-01ec0a88-f4f2-419f-9221-ec7b93d534f9_f7ace863-d80c-4013-a6da-3e0bff803e20.jpg?v=1741364243,images\p3052000-1.jpg,Already exists
argo_hytos_1.xlsx,p3052000,P3052000,1,https://cdn.shopify.com/s/files/1/0592/2648/8986/files/HF35259_79c9d568-8450-4ce0-960a-14a11e0d6746.jpg?v=1755780250,images\p3052000-1.jpg,Already exists
argo_hytos_1.xlsx,p3052000,P3052000,1,https://cdn.shopify.com/s/files/1/0592/2648/8986/files/FF200528B_c3ea0ac9-0366-4aba-a41e-b95c15522d09.jpg?v=1741364243,images\p3052000-1.jpg,Already exists
argo_hytos_1.xlsx,p2083301,P2083301,1,https://cdn.shopify.com/s/files/1/0592/2648/8986/files/md-def01645-79b6-438a-bcab-ad57cc210ef0_db3bfbd0-c213-4ca5-8d93-d6e2613a4035.jpg?v=1755097392,images\p2083301-1.jpg,Already exists
argo_hytos_1.xlsx,p2071702,P2071702,1,https://cdn.shopify.com/s/files/1/0592/2648/8986/files/S520_b6b3df34-cba1-4762-94c6-f54e1c496264.jpg?v=1740482615,images\p2071702-1.jpg,Already exists
argo_hytos_1.xlsx,p2083301,P2083301,1,https://cdn.shopify.com/s/files/1/0592/2648/8986/files/FF200510B_90f6fced-c122-41b7-b6de-e73ee9e0328e.jpg?v=1755097392,images\p2083301-1.jpg,Already exists
argo_hytos_1.xlsx,p2071702,P2071702,1,https://cdn.shopify.com/s/files/1/0592/2648/8986/files/md-791577e1-14f8-4e78-afa6-12a5fc2cf889_3e1f2aae-0992-42ad-bc2e-e28289fd4dc1.jpg?v=1740482615,images\p2071702-1.jpg,Already exists
argo_hytos_1.xlsx,p2061711,P2061711,1,https://cdn.shopify.com/s/files/1/0592/2648/8986/files/md-edf657ae-d5c9-46bf-bcea-3629694c4ef6_5a5b7b2f-bceb-4109-8814-5aaa59ba4028.jpg?v=1755097394,images\p2061711-1.jpg,Already exists
argo_hytos_1.xlsx,p2061711,P2061711,1,https://cdn.shopify.com/s/files/1/0592/2648/8986/files/S510_2e2a95d6-277c-44c0-88a1-c1b67813edbe.jpg?v=1755097394,images\p2061711-1.jpg,Already exists
argo_hytos_1.xlsx,w3093008,W3093008,1,https://cdn.shopify.com/s/files/1/0592/2648/8986/files/placeholder_f67d6e11-af99-4daa-9024-275af2a23b66.png?v=1739397039,images\w3093008-1.png,Already exists
argo_hytos_1.xlsx,w3072008,W3072008,1,https://cdn.shopify.com/s/files/1/0592/2648/8986/files/MicroFit-Placeholder-600x600_407450d8-8a26-4d52-8469-2976fa25706a.png?v=1760637092,images\w3072008-1.png,Already exists
argo_hytos_1.xlsx,v5126006,V5126006,1,https://cdn.shopify.com/s/files/1/0592/2648/8986/files/WG581_b2074c55-1d76-481a-a1c4-48406cf11931.jpg?v=1739396989,images\v5126006-1.jpg,Already exists
argo_hytos_1.xlsx,v5126006,V5126006,1,https://cdn.shopify.com/s/files/1/0592/2648/8986/files/MicroFit-Placeholder-600x600_23e266e5-f81d-433d-8e63-1ddb82142ab7.png?v=1760637097,images\v5126006-1.png,Already exists
argo_hytos_1.xlsx,v3101408,V3101408,1,https://cdn.shopify.com/s/files/1/0592/2648/8986/files/placeholder_392f4664-480e-4e06-8f3f-95eada34ee44.png?v=1739396987,images\v3101408-1.png,Already exists
argo_hytos_1.xlsx,w3072008,W3072008,1,https://cdn.shopify.com/s/files/1/0592/2648/8986/files/D1101A_a6e4557d-83ed-47dc-ba85-3d3c1cd1c050.jpg?v=1739397036,images\w3072008-1.jpg,Already exists
argo_hytos_1.xlsx,v3101408,V3101408,1,https://cdn.shopify.com/s/files/1/0592/2648/8986/files/MicroFit-Placeholder-600x600_2281e5f3-9a32-457e-b381-e876008b9d0a.png?v=1760637096,images\v3101408-1.png,Already exists
argo_hytos_1.xlsx,v3094106,V3094106,1,https://cdn.shopify.com/s/files/1/0592/2648/8986/files/WG966_d8a55a17-6b4b-4e40-85a1-aa44b7aebb2e.jpg?v=1762804507,images\v3094106-1.jpg,Already exists
argo_hytos_1.xlsx,v3094106,V3094106,1,https://cdn.shopify.com/s/files/1/0592/2648/8986/files/md-d77e4cae-32a4-415c-9233-5f4bfaa5feba_737348af-6661-4291-8884-31e449d40b57.jpg?v=1762804507,images\v3094106-1.jpg,Already exists
argo_hytos_1.xlsx,v3093406,V3093406,1,https://cdn.shopify.com/s/files/1/0592/2648/8986/files/WG966_54f8fff1-658f-433b-9936-f9f44455d0b6.jpg?v=1739396966,images\v3093406-1.jpg,Already exists
argo_hytos_1.xlsx,v3094106,V3094106,1,https://cdn.shopify.com/s/files/1/0592/2648/8986/files/MicroFit-Placeholder-600x600_7ac62275-b51d-4038-810b-518cf6d9551c.png?v=1762804507,images\v3094106-1.png,Already exists
argo_hytos_1.xlsx,v3093406,V3093406,1,https://cdn.shopify.com/s/files/1/0592/2648/8986/files/md-08ab19f0-a331-4173-ac33-042ce0388f01_b2632e87-58f1-4b17-bc93-801ee3d78416.jpg?v=1744306864,images\v3093406-1.jpg,Already exists
argo_hytos_1.xlsx,v3093406,V3093406,1,https://cdn.shopify.com/s/files/1/0592/2648/8986/files/MicroFit-Placeholder-600x600_f09c7a61-92c5-4123-b7ff-1a76c229e10f.png?v=1760637097,images\v3093406-1.png,Already exists
argo_hytos_1.xlsx,v3073068,V3073068,1,https://cdn.shopify.com/s/files/1/0592/2648/8986/files/R623_9f9a3059-1f43-4e12-9c8c-377f03d1c8ad.jpg?v=1739396967,images\v3073068-1.jpg,Already exists
argo_hytos_1.xlsx,v3072558,V3072558,1,https://cdn.shopify.com/s/files/1/0592/2648/8986/files/md-1211d72d-687d-478d-af93-e8bebae79061_45659b68-bcbf-489c-9884-01daee030d6e.jpg?v=1761218408,images\v3072558-1.jpg,Already exists
argo_hytos_1.xlsx,v3072558,V3072558,1,https://cdn.shopify.com/s/files/1/0592/2648/8986/files/MicroFit-Placeholder-600x600_07b7a6ee-1be0-4efd-be96-4dca52e92a9b.png?v=1761218408,images\v3072558-1.png,Already exists
argo_hytos_1.xlsx,v3072558,V3072558,1,https://cdn.shopify.com/s/files/1/0592/2648/8986/files/placeholder_2e1ea228-8115-4400-b75e-6723f8114d8f.png?v=1761218408,images\v3072558-1.png,Already exists
argo_hytos_1.xlsx,v3072408,V3072408,1,https://cdn.shopify.com/s/files/1/0592/2648/8986/files/p959080.700.700_fdb978cc-f84c-49b2-a98b-ea705cc779d1.jpg?v=1740484259,images\v3072408-1.jpg,Already exists
argo_hytos_1.xlsx,v3073068,V3073068,1,https://cdn.shopify.com/s/files/1/0592/2648/8986/files/MicroFit-Placeholder-600x600_56e04157-0f87-4b0d-a9c7-af24119d6ea2.png?v=1760637118,images\v3073068-1.png,Already exists
argo_hytos_1.xlsx,v3072408,V3072408,1,https://cdn.shopify.com/s/files/1/0592/2648/8986/files/MicroFit-Placeholder-600x600_72563d36-9332-42d6-be9f-73a391f7c616.png?v=1760637119,images\v3072408-1.png,Already exists
argo_hytos_1.xlsx,v3072408,V3072408,1,https://cdn.shopify.com/s/files/1/0592/2648/8986/files/placeholder_e8824090-d963-47c6-8d19-bef9ebe28935.png?v=1740484259,images\v3072408-1.png,Already exists
argo_hytos_1.xlsx,v3072408,V3072408,1,https://cdn.shopify.com/s/files/1/0592/2648/8986/files/md-a67e3198-d3fe-47ad-adc7-b5b835cc487e_50f584a2-07a7-4d96-9f9f-aa7b96704072.jpg?v=1740484259,images\v3072408-1.jpg,Already exists
argo_hytos_1.xlsx,v3072406,V3072406,1,https://cdn.shopify.com/s/files/1/0592/2648/8986/files/placeholder_4763e2e9-bd0d-4b8c-90ef-cfd0174c88b3.png?v=1739396957,images\v3072406-1.png,Already exists
argo_hytos_1.xlsx,v3072406,V3072406,1,https://cdn.shopify.com/s/files/1/0592/2648/8986/files/MicroFit-Placeholder-600x600_0fe7cd19-03bb-49e0-bff1-be9857dcd4e0.png?v=1760637111,images\v3072406-1.png,Already exists
argo_hytos_1.xlsx,v3071303,V3071303,1,https://cdn.shopify.com/s/files/1/0592/2648/8986/files/placeholder_aac4093e-fd15-4bf9-aae4-77fab29faa4d.png?v=1739396954,images\v3071303-1.png,Already exists
argo_hytos_1.xlsx,v3071303,V3071303,1,https://cdn.shopify.com/s/files/1/0592/2648/8986/files/MicroFit-Placeholder-600x600_8f374177-0d37-4c02-b574-d67d3d921e31.png?v=1760637116,images\v3071303-1.png,Already exists
argo_hytos_1.xlsx,v3052026,V3052026,1,https://cdn.shopify.com/s/files/1/0592/2648/8986/files/placeholder_76d3717a-3a89-41d0-9f00-7dd8e8be2dc1.png?v=1740484243,images\v3052026-1.png,Already exists
argo_hytos_1.xlsx,v3052026,V3052026,1,https://cdn.shopify.com/s/files/1/0592/2648/8986/files/MicroFit-Placeholder-600x600_75b14ecc-6bd9-4837-ac2b-ee354a2b8806.png?v=1760637117,images\v3052026-1.png,Already exists
argo_hytos_1.xlsx,v3052026,V3052026,1,https://cdn.shopify.com/s/files/1/0592/2648/8986/files/md-d61c2f60-2551-4b91-8299-dce25509fa09_636ec78c-4631-41bb-97cc-2695802a801d.jpg?v=1740484243,images\v3052026-1.jpg,Already exists
argo_hytos_1.xlsx,v3051036,V3051036,1,https://cdn.shopify.com/s/files/1/0592/2648/8986/files/MicroFit-Placeholder-600x600_c2d791c8-2bc1-4475-975f-fb7760944492.png?v=1760637108,images\v3051036-1.png,Already exists
argo_hytos_1.xlsx,v3051036,V3051036,1,https://cdn.shopify.com/s/files/1/0592/2648/8986/files/placeholder_a2a92d2c-aeac-423d-b0a8-5fb3568684df.png?v=1739396942,images\v3051036-1.png,Already exists
argo_hytos_1.xlsx,v2152008,V2152008,1,https://cdn.shopify.com/s/files/1/0592/2648/8986/files/WG1027_5889c08e-6167-49c1-bdaf-26199a9295f4.jpg?v=1739396918,images\v2152008-1.jpg,Already exists
argo_hytos_1.xlsx,v2146026,V2146026,1,https://cdn.shopify.com/s/files/1/0592/2648/8986/files/md-df607b24-1a58-43ea-a968-6cc2ee75ff2e_c94cd86c-18a9-4f36-8213-dc7eea4f504c.jpg?v=1762804530,images\v2146026-1.jpg,Already exists
argo_hytos_1.xlsx,v2152008,V2152008,1,https://cdn.shopify.com/s/files/1/0592/2648/8986/files/MicroFit-Placeholder-600x600_cc2f6193-6f40-4bc2-ae30-dc6231b4df2e.png?v=1760637109,images\v2152008-1.png,Already exists
